Left_X,Left_Y,Right_X,Right_Y,Norm_X,Norm_Y,Gaze_Direction
243,259,310,258,0.5666666666666667,0.5,CENTER
238,264,309,262,0.5,0.5384615384615384,CENTER
253,265,322,265,0.7096774193548387,0.5833333333333334,RIGHT
244,257,313,258,0.46875,0.38461538461538464,CENTER
245,273,314,273,0.53125,0.42857142857142855,CENTER
264,297,337,296,0.5142857142857142,0.5,CENTER
264,297,337,297,0.5,0.5,CENTER
264,298,337,297,0.5,0.5625,CENTER
264,298,338,297,0.5,0.5625,CENTER
264,298,338,297,0.5142857142857142,0.5625,CENTER
264,298,337,297,0.5142857142857142,0.5333333333333333,CENTER
264,298,337,297,0.5277777777777778,0.5333333333333333,CENTER
255,301,330,301,0.3055555555555556,0.5333333333333333,LEFT
256,301,330,301,0.3333333333333333,0.5333333333333333,CENTER
255,301,330,301,0.3055555555555556,0.5333333333333333,LEFT
255,300,330,301,0.3055555555555556,0.4666666666666667,LEFT
255,300,330,301,0.3142857142857143,0.4666666666666667,LEFT
255,300,329,301,0.3142857142857143,0.4666666666666667,LEFT
255,300,330,301,0.3333333333333333,0.5,CENTER
280,304,354,305,0.7058823529411765,0.5384615384615384,RIGHT
280,304,355,305,0.6857142857142857,0.5384615384615384,RIGHT
280,304,354,305,0.6857142857142857,0.5833333333333334,RIGHT
280,303,354,304,0.6857142857142857,0.5454545454545454,RIGHT
280,301,355,303,0.6857142857142857,0.5833333333333334,RIGHT
281,299,356,301,0.7142857142857143,0.5384615384615384,RIGHT
267,281,340,283,0.4117647058823529,0.4375,CENTER
266,303,340,305,0.5,0.625,CENTER
216,293,295,292,0.4864864864864865,0.5588235294117647,CENTER
217,293,295,292,0.5,0.5588235294117647,CENTER
220,293,298,293,0.5,0.5294117647058824,CENTER
212,293,290,294,0.4722222222222222,0.59375,CENTER
212,293,290,294,0.5142857142857142,0.59375,CENTER
206,294,283,295,0.5142857142857142,0.59375,CENTER
209,294,286,295,0.5428571428571428,0.5588235294117647,CENTER
210,295,288,295,0.5,0.5625,CENTER
210,295,288,295,0.5142857142857142,0.5625,CENTER
210,295,288,295,0.5142857142857142,0.5625,CENTER
209,295,288,295,0.4857142857142857,0.5625,CENTER
209,295,287,295,0.5,0.5625,CENTER
208,295,286,296,0.5142857142857142,0.59375,CENTER
208,295,286,296,0.5142857142857142,0.59375,CENTER
208,295,286,296,0.5142857142857142,0.59375,CENTER
208,295,286,296,0.5142857142857142,0.59375,CENTER
209,295,287,296,0.5428571428571428,0.5588235294117647,CENTER
209,295,287,296,0.5277777777777778,0.5588235294117647,CENTER
208,295,287,296,0.5,0.5588235294117647,CENTER
208,295,286,296,0.5142857142857142,0.53125,CENTER
208,296,286,296,0.5142857142857142,0.5625,CENTER
208,296,286,296,0.5142857142857142,0.5625,CENTER
208,296,286,296,0.5142857142857142,0.5625,CENTER
208,296,286,296,0.5142857142857142,0.5625,CENTER
208,296,286,296,0.5142857142857142,0.5625,CENTER
208,296,286,296,0.5142857142857142,0.5625,CENTER
208,296,286,296,0.5142857142857142,0.5625,CENTER
208,296,286,296,0.5142857142857142,0.5625,CENTER
208,296,286,296,0.5142857142857142,0.5625,CENTER
208,295,286,296,0.5142857142857142,0.53125,CENTER
208,295,286,296,0.5142857142857142,0.53125,CENTER
208,295,286,296,0.5142857142857142,0.5588235294117647,CENTER
207,295,285,296,0.4722222222222222,0.5588235294117647,CENTER
206,295,284,296,0.4444444444444444,0.59375,CENTER
205,295,284,296,0.4166666666666667,0.59375,CENTER
204,295,283,296,0.3888888888888889,0.59375,CENTER
204,295,283,296,0.4,0.59375,CENTER
203,295,282,296,0.37142857142857144,0.59375,CENTER
203,295,282,296,0.37142857142857144,0.59375,CENTER
202,294,281,295,0.34285714285714286,0.53125,CENTER
201,294,281,295,0.3142857142857143,0.53125,CENTER
201,294,280,295,0.3142857142857143,0.53125,CENTER
200,294,280,295,0.2857142857142857,0.5666666666666667,LEFT
200,294,280,295,0.2857142857142857,0.5666666666666667,LEFT
200,294,280,295,0.2857142857142857,0.5666666666666667,LEFT
200,294,280,295,0.2857142857142857,0.5666666666666667,LEFT
200,294,279,295,0.2857142857142857,0.5666666666666667,LEFT
200,294,279,295,0.2857142857142857,0.5666666666666667,LEFT
200,294,279,295,0.2857142857142857,0.5666666666666667,LEFT
200,293,280,295,0.2857142857142857,0.5333333333333333,LEFT
200,293,279,295,0.3055555555555556,0.5333333333333333,CENTER
200,293,279,295,0.3055555555555556,0.5333333333333333,CENTER
200,293,279,295,0.3055555555555556,0.5333333333333333,CENTER
200,293,279,295,0.3055555555555556,0.5333333333333333,CENTER
200,293,279,295,0.3055555555555556,0.5333333333333333,CENTER
200,293,279,294,0.3055555555555556,0.5,CENTER
200,293,279,294,0.3055555555555556,0.5,CENTER
199,293,279,294,0.2777777777777778,0.53125,LEFT
199,293,279,294,0.2777777777777778,0.53125,LEFT
199,293,279,294,0.2777777777777778,0.53125,LEFT
199,293,279,294,0.2777777777777778,0.53125,LEFT
199,293,279,294,0.2777777777777778,0.53125,LEFT
199,293,279,294,0.2777777777777778,0.53125,LEFT
199,293,279,294,0.2777777777777778,0.53125,LEFT
199,293,279,294,0.2777777777777778,0.53125,LEFT
199,293,279,294,0.2777777777777778,0.53125,LEFT
199,293,278,294,0.2857142857142857,0.53125,LEFT
199,293,278,294,0.2857142857142857,0.53125,LEFT
199,293,278,294,0.2857142857142857,0.53125,LEFT
199,293,278,294,0.2857142857142857,0.53125,LEFT
199,293,278,294,0.2857142857142857,0.53125,LEFT
199,293,278,294,0.2857142857142857,0.5666666666666667,LEFT
199,293,278,294,0.2857142857142857,0.5666666666666667,LEFT
200,293,279,294,0.3142857142857143,0.5666666666666667,CENTER
202,294,280,296,0.3333333333333333,0.6,CENTER
202,294,281,296,0.3333333333333333,0.6,CENTER
201,293,280,296,0.3142857142857143,0.5666666666666667,CENTER
201,293,280,296,0.3142857142857143,0.5666666666666667,CENTER
201,293,280,296,0.3142857142857143,0.5666666666666667,CENTER
201,293,280,296,0.3142857142857143,0.5666666666666667,CENTER
201,293,280,296,0.3142857142857143,0.5666666666666667,CENTER
201,293,280,296,0.3142857142857143,0.5666666666666667,CENTER
201,293,280,296,0.3142857142857143,0.5666666666666667,CENTER
201,293,280,296,0.3142857142857143,0.5666666666666667,CENTER
201,293,281,296,0.3142857142857143,0.5666666666666667,CENTER
201,293,280,296,0.3142857142857143,0.5666666666666667,CENTER
201,293,280,296,0.3142857142857143,0.5666666666666667,CENTER
201,293,280,296,0.3142857142857143,0.5666666666666667,CENTER
201,293,280,296,0.3142857142857143,0.5666666666666667,CENTER
201,293,280,296,0.3142857142857143,0.5666666666666667,CENTER
201,293,280,296,0.3142857142857143,0.5666666666666667,CENTER
201,293,280,296,0.3142857142857143,0.5666666666666667,CENTER
201,293,280,296,0.3142857142857143,0.5666666666666667,CENTER
201,293,280,296,0.3142857142857143,0.5666666666666667,CENTER
201,293,280,296,0.3142857142857143,0.5666666666666667,CENTER
222,292,306,295,0.7222222222222222,0.5666666666666667,RIGHT
223,293,306,298,0.6666666666666666,0.6785714285714286,CENTER
225,293,308,298,0.6756756756756757,0.6785714285714286,CENTER
225,293,308,298,0.6666666666666666,0.6785714285714286,CENTER
225,293,308,298,0.6666666666666666,0.6785714285714286,CENTER
226,293,308,298,0.6944444444444444,0.6785714285714286,CENTER
226,293,309,298,0.6944444444444444,0.6785714285714286,CENTER
226,293,309,298,0.6944444444444444,0.6785714285714286,CENTER
226,293,309,298,0.6944444444444444,0.6785714285714286,CENTER
226,293,309,298,0.6944444444444444,0.6785714285714286,CENTER
226,293,309,298,0.6756756756756757,0.6785714285714286,CENTER
226,293,309,298,0.6756756756756757,0.6785714285714286,CENTER
226,293,309,298,0.6756756756756757,0.6785714285714286,CENTER
226,293,309,298,0.6756756756756757,0.6785714285714286,CENTER
226,293,309,298,0.6756756756756757,0.6785714285714286,CENTER
226,293,309,298,0.6756756756756757,0.6785714285714286,CENTER
226,293,309,298,0.6756756756756757,0.6785714285714286,CENTER
226,293,309,298,0.6756756756756757,0.6785714285714286,CENTER
226,293,309,298,0.6756756756756757,0.6785714285714286,CENTER
226,293,309,298,0.6756756756756757,0.6785714285714286,CENTER
226,293,309,298,0.6756756756756757,0.6785714285714286,CENTER
226,293,309,298,0.6666666666666666,0.6785714285714286,CENTER
226,293,309,298,0.6666666666666666,0.6785714285714286,CENTER
226,293,309,298,0.6666666666666666,0.6785714285714286,CENTER
226,293,309,298,0.6666666666666666,0.6785714285714286,CENTER
226,293,309,298,0.6666666666666666,0.6785714285714286,CENTER
226,293,309,298,0.6666666666666666,0.6785714285714286,CENTER
226,293,309,298,0.6666666666666666,0.6785714285714286,CENTER
226,293,309,298,0.6666666666666666,0.6785714285714286,CENTER
226,293,309,298,0.6666666666666666,0.6785714285714286,CENTER
226,293,309,298,0.6666666666666666,0.6785714285714286,CENTER
226,293,309,298,0.6666666666666666,0.6785714285714286,CENTER
226,293,309,298,0.6666666666666666,0.6785714285714286,CENTER
226,293,309,298,0.6666666666666666,0.6785714285714286,CENTER
226,293,309,298,0.6666666666666666,0.6785714285714286,CENTER
226,293,309,298,0.6666666666666666,0.6785714285714286,CENTER
226,293,309,298,0.6666666666666666,0.6785714285714286,CENTER
226,293,309,298,0.6756756756756757,0.6785714285714286,CENTER
226,293,308,298,0.6756756756756757,0.6785714285714286,CENTER
226,293,308,298,0.6756756756756757,0.6785714285714286,CENTER
226,293,308,298,0.6756756756756757,0.6785714285714286,CENTER
226,293,308,298,0.6756756756756757,0.6785714285714286,CENTER
226,293,308,298,0.6756756756756757,0.6785714285714286,CENTER
226,293,308,298,0.6756756756756757,0.6785714285714286,CENTER
226,293,308,298,0.6756756756756757,0.6785714285714286,CENTER
226,293,308,298,0.6756756756756757,0.6785714285714286,CENTER
226,293,308,298,0.6756756756756757,0.6785714285714286,CENTER
225,293,308,298,0.6486486486486487,0.7,CENTER
225,293,308,298,0.6666666666666666,0.7,CENTER
225,293,308,298,0.6666666666666666,0.7,CENTER
225,293,308,298,0.6666666666666666,0.7,CENTER
225,293,308,298,0.6666666666666666,0.7,CENTER
225,293,308,298,0.6666666666666666,0.7,CENTER
245,294,316,294,0.5151515151515151,0.5625,CENTER
245,295,317,294,0.5151515151515151,0.53125,CENTER
245,295,317,295,0.5151515151515151,0.5,CENTER
245,296,317,295,0.5151515151515151,0.53125,CENTER
245,296,317,296,0.5,0.5625,CENTER
246,296,318,296,0.5151515151515151,0.5333333333333333,CENTER
247,296,318,296,0.48484848484848486,0.5,CENTER
247,297,318,296,0.5,0.53125,CENTER
246,297,318,297,0.48484848484848486,0.5625,CENTER
246,297,318,297,0.48484848484848486,0.5625,CENTER
246,297,319,297,0.48484848484848486,0.5625,CENTER
246,297,319,297,0.48484848484848486,0.5625,CENTER
246,297,319,297,0.47058823529411764,0.5333333333333333,CENTER
246,297,319,297,0.48484848484848486,0.5,CENTER
246,297,319,297,0.48484848484848486,0.5,CENTER
247,298,319,298,0.5151515151515151,0.5625,CENTER
246,298,319,298,0.48484848484848486,0.5625,CENTER
239,296,314,296,0.29411764705882354,0.5,LEFT
239,296,314,296,0.3142857142857143,0.5,CENTER
239,296,314,296,0.29411764705882354,0.5,LEFT
241,291,316,292,0.2727272727272727,0.53125,LEFT
240,291,314,291,0.2857142857142857,0.5294117647058824,LEFT
243,291,317,292,0.3235294117647059,0.5666666666666667,CENTER
239,289,312,289,0.2647058823529412,0.5,LEFT
239,290,312,290,0.29411764705882354,0.5333333333333333,LEFT
240,290,313,291,0.3235294117647059,0.5666666666666667,CENTER
241,294,315,296,0.2727272727272727,0.5625,LEFT
242,293,315,295,0.30303030303030304,0.5625,CENTER
242,292,315,295,0.30303030303030304,0.5666666666666667,CENTER
222,290,296,290,0.2857142857142857,0.5333333333333333,LEFT
222,290,296,290,0.2647058823529412,0.5333333333333333,LEFT
224,290,297,291,0.29411764705882354,0.53125,LEFT
224,290,297,291,0.29411764705882354,0.53125,LEFT
224,291,297,292,0.29411764705882354,0.5666666666666667,LEFT
224,291,297,293,0.29411764705882354,0.5625,LEFT
224,291,297,293,0.29411764705882354,0.5625,LEFT
224,291,297,293,0.29411764705882354,0.5625,LEFT
223,292,297,294,0.2647058823529412,0.6,LEFT
223,292,297,294,0.2647058823529412,0.6,LEFT
231,277,303,279,0.75,0.6428571428571429,RIGHT
230,277,302,280,0.71875,0.6333333333333333,RIGHT
230,278,302,280,0.6875,0.6428571428571429,CENTER
241,292,316,293,0.45714285714285713,0.53125,CENTER
243,293,318,295,0.4857142857142857,0.5625,CENTER
244,294,318,296,0.4857142857142857,0.625,CENTER
244,294,318,296,0.4857142857142857,0.5625,CENTER
244,295,319,296,0.4857142857142857,0.59375,CENTER
243,295,318,297,0.4857142857142857,0.5625,CENTER
243,296,318,297,0.4857142857142857,0.5666666666666667,CENTER
244,296,318,298,0.5142857142857142,0.5625,CENTER
242,297,317,298,0.4722222222222222,0.59375,CENTER
243,297,317,299,0.4857142857142857,0.6,CENTER
242,298,317,299,0.4857142857142857,0.59375,CENTER
176,274,226,268,0.5714285714285714,0.1111111111111111,TOP
175,274,227,269,0.5384615384615384,0.25,TOP
175,275,227,270,0.5384615384615384,0.25,TOP
175,275,227,271,0.5384615384615384,0.3,CENTER
176,275,228,271,0.5384615384615384,0.3,CENTER
171,282,222,272,0.5384615384615384,0,TOP
170,282,222,274,0.5,0,TOP
169,283,222,274,0.46153846153846156,0.05,TOP
170,282,222,275,0.5,0.13636363636363635,TOP
170,282,222,275,0.5,0.13636363636363635,TOP
170,282,222,276,0.5,0.18181818181818182,TOP
170,282,222,276,0.5,0.18181818181818182,TOP
171,282,222,276,0.5,0.18181818181818182,TOP
171,282,222,276,0.5,0.18181818181818182,TOP
172,282,222,276,0.5714285714285714,0.18181818181818182,TOP
172,282,222,277,0.5333333333333333,0.22727272727272727,TOP
172,283,222,278,0.5333333333333333,0.3181818181818182,CENTER
282,268,353,283,0.4166666666666667,0.9666666666666667,BOTTOM
283,268,354,281,0.43243243243243246,0.9666666666666667,BOTTOM
283,268,354,279,0.4166666666666667,0.9,BOTTOM
283,268,354,279,0.40540540540540543,0.8928571428571429,BOTTOM
283,268,354,279,0.40540540540540543,0.8928571428571429,BOTTOM
283,268,353,279,0.43243243243243246,0.8928571428571429,BOTTOM
282,268,353,279,0.4166666666666667,0.8928571428571429,BOTTOM
282,268,352,278,0.43243243243243246,0.8571428571428571,BOTTOM
281,268,353,278,0.40540540540540543,0.8571428571428571,BOTTOM
282,268,353,279,0.40540540540540543,0.8928571428571429,BOTTOM
282,268,353,279,0.40540540540540543,0.8928571428571429,BOTTOM
283,268,354,279,0.43243243243243246,0.8928571428571429,BOTTOM
285,269,355,279,0.4444444444444444,0.8666666666666667,BOTTOM
285,269,355,279,0.4444444444444444,0.8571428571428571,BOTTOM
286,269,355,279,0.4722222222222222,0.8571428571428571,BOTTOM
256,276,326,279,0.3,0.6944444444444444,CENTER
253,278,327,280,0.29411764705882354,0.6470588235294118,LEFT
252,278,326,280,0.2727272727272727,0.6875,LEFT
251,277,326,280,0.2647058823529412,0.65625,LEFT
257,279,330,283,0.4166666666666667,0.6666666666666666,CENTER
257,279,329,283,0.4166666666666667,0.6666666666666666,CENTER
257,279,329,283,0.3888888888888889,0.6666666666666666,CENTER
259,279,331,283,0.4444444444444444,0.6666666666666666,CENTER
259,280,332,284,0.42857142857142855,0.6666666666666666,CENTER
257,280,331,284,0.37142857142857144,0.7333333333333333,BOTTOM
254,279,331,284,0.2857142857142857,0.7,LEFT
254,279,330,284,0.29411764705882354,0.7,LEFT
259,288,332,292,0.4444444444444444,0.6875,CENTER
259,288,332,292,0.3783783783783784,0.6875,CENTER
259,288,332,292,0.3783783783783784,0.6875,CENTER
222,286,295,283,0.30303030303030304,0.43333333333333335,CENTER
226,285,299,283,0.3333333333333333,0.4375,CENTER
225,286,298,284,0.30303030303030304,0.4666666666666667,CENTER
225,286,298,284,0.30303030303030304,0.4666666666666667,CENTER
225,286,298,284,0.2727272727272727,0.4666666666666667,LEFT
226,286,299,284,0.30303030303030304,0.5,CENTER
226,285,299,283,0.30303030303030304,0.4666666666666667,CENTER
247,285,321,286,0.6666666666666666,0.6071428571428571,CENTER
250,284,323,286,0.6764705882352942,0.6153846153846154,CENTER
251,283,324,286,0.6666666666666666,0.625,CENTER
252,283,325,285,0.696969696969697,0.6153846153846154,CENTER
252,282,326,285,0.6666666666666666,0.625,CENTER
226,277,279,294,0.5217391304347826,1,BOTTOM
224,278,276,294,0.5,1,BOTTOM
225,279,277,293,0.5217391304347826,1,BOTTOM
226,280,281,294,0.5217391304347826,1,BOTTOM
227,280,283,294,0.5,1,BOTTOM
141,341,189,335,0.6470588235294118,0.07142857142857142,TOP
138,341,191,336,0.5555555555555556,0.16666666666666666,TOP
138,341,191,336,0.5555555555555556,0.16666666666666666,TOP
147,310,197,308,0.7333333333333333,0.4666666666666667,RIGHT
147,308,199,307,0.7142857142857143,0.53125,RIGHT
148,308,199,307,0.7857142857142857,0.5666666666666667,RIGHT
147,307,199,306,0.6666666666666666,0.5,CENTER
147,307,199,305,0.6428571428571429,0.4666666666666667,CENTER
145,312,189,310,0.7857142857142857,0.4666666666666667,RIGHT
145,311,190,309,0.7857142857142857,0.4,RIGHT
144,310,190,308,0.7142857142857143,0.35714285714285715,RIGHT
143,310,190,308,0.7142857142857143,0.35714285714285715,RIGHT
143,310,190,309,0.7142857142857143,0.39285714285714285,RIGHT
220,294,330,297,0.48,0.5185185185185185,CENTER
210,288,325,293,0.2692307692307692,0.46153846153846156,LEFT
238,289,353,295,0.7358490566037735,0.5454545454545454,RIGHT
231,279,340,285,0.5102040816326531,0.4583333333333333,CENTER
227,312,340,317,0.5102040816326531,0.5454545454545454,CENTER
102,338,197,277,0.30357142857142855,0.7894736842105263,BOTTOM
95,341,191,278,0.2909090909090909,0.7894736842105263,BOTTOM_LEFT
91,342,187,279,0.2962962962962963,0.7368421052631579,BOTTOM_LEFT
83,352,179,279,0.32075471698113206,0.7647058823529411,BOTTOM
83,352,178,280,0.33962264150943394,0.7058823529411765,BOTTOM
78,354,174,281,0.3076923076923077,0.7222222222222222,BOTTOM
75,357,170,283,0.3076923076923077,0.7777777777777778,BOTTOM
72,359,168,285,0.28846153846153844,0.7647058823529411,BOTTOM_LEFT
71,360,166,286,0.3269230769230769,0.7222222222222222,BOTTOM
69,361,165,287,0.3076923076923077,0.7647058823529411,BOTTOM
242,313,322,314,0.5526315789473685,0.6176470588235294,CENTER
203,323,283,322,0.5263157894736842,0.5833333333333334,CENTER
203,323,283,322,0.5263157894736842,0.5588235294117647,CENTER
203,323,283,323,0.5263157894736842,0.5555555555555556,CENTER
202,323,281,322,0.5277777777777778,0.5588235294117647,CENTER
202,323,281,322,0.5277777777777778,0.5588235294117647,CENTER
201,323,281,322,0.5135135135135135,0.5588235294117647,CENTER
201,323,281,322,0.5263157894736842,0.5588235294117647,CENTER
201,323,281,323,0.5135135135135135,0.5882352941176471,CENTER
201,323,281,323,0.5135135135135135,0.5882352941176471,CENTER
202,323,282,323,0.5263157894736842,0.5882352941176471,CENTER
202,323,282,323,0.5263157894736842,0.5882352941176471,CENTER
183,320,262,318,0.2564102564102564,0.5294117647058824,LEFT
183,320,263,319,0.2564102564102564,0.5,LEFT
183,320,262,319,0.2564102564102564,0.5,LEFT
182,321,261,319,0.25,0.5294117647058824,LEFT
183,321,262,319,0.275,0.5,LEFT
183,321,262,320,0.2564102564102564,0.5,LEFT
183,321,262,320,0.2564102564102564,0.5,LEFT
183,321,262,320,0.275,0.5,LEFT
182,321,261,320,0.2564102564102564,0.5,LEFT
182,321,261,320,0.2564102564102564,0.5,LEFT
182,321,262,320,0.2564102564102564,0.4722222222222222,LEFT
193,321,276,320,0.5128205128205128,0.4722222222222222,CENTER
194,321,277,320,0.5384615384615384,0.4722222222222222,CENTER
195,321,278,320,0.5641025641025641,0.4722222222222222,CENTER
195,321,278,320,0.5641025641025641,0.4722222222222222,CENTER
196,321,279,320,0.5897435897435898,0.4722222222222222,CENTER
197,321,280,320,0.6153846153846154,0.4722222222222222,CENTER
197,321,281,320,0.6153846153846154,0.4722222222222222,CENTER
198,321,281,320,0.6410256410256411,0.4722222222222222,CENTER
208,321,289,320,0.8205128205128205,0.5,RIGHT
209,321,290,320,0.8,0.5,RIGHT
209,321,291,320,0.775,0.5,RIGHT
210,321,291,320,0.775,0.5,RIGHT
210,321,291,320,0.75,0.46875,RIGHT
210,321,291,321,0.7435897435897436,0.5,RIGHT
211,321,292,321,0.7435897435897436,0.5333333333333333,RIGHT
211,321,293,320,0.7435897435897436,0.53125,RIGHT
211,320,293,320,0.725,0.5,RIGHT
211,320,293,320,0.725,0.5,RIGHT
211,320,293,320,0.725,0.5,RIGHT
212,320,293,320,0.75,0.5,RIGHT
212,320,293,320,0.75,0.5,RIGHT
212,320,293,320,0.75,0.5,RIGHT
212,320,293,320,0.75,0.5294117647058824,RIGHT
191,353,274,349,0.3783783783783784,0.29411764705882354,TOP
191,353,275,349,0.3684210526315789,0.25,TOP
192,353,275,349,0.39473684210526316,0.25,TOP
192,353,275,349,0.39473684210526316,0.29411764705882354,TOP
192,353,275,349,0.3783783783783784,0.25,TOP
193,353,275,349,0.40540540540540543,0.29411764705882354,TOP
193,353,276,349,0.40540540540540543,0.29411764705882354,TOP
193,353,276,349,0.40540540540540543,0.29411764705882354,TOP
193,353,276,349,0.39473684210526316,0.29411764705882354,TOP
193,353,276,349,0.39473684210526316,0.29411764705882354,TOP
193,353,276,349,0.38461538461538464,0.29411764705882354,TOP
193,353,276,349,0.3684210526315789,0.29411764705882354,TOP
193,353,276,349,0.3684210526315789,0.29411764705882354,TOP
193,353,276,349,0.3684210526315789,0.2777777777777778,TOP
193,353,276,349,0.3684210526315789,0.2777777777777778,TOP
193,354,276,349,0.3684210526315789,0.2647058823529412,TOP
242,255,315,259,0.5161290322580645,0.8,BOTTOM
239,250,313,257,0.53125,1,BOTTOM
238,251,313,258,0.4827586206896552,0.9375,BOTTOM
239,251,313,257,0.5,1,BOTTOM
239,253,312,257,0.48148148148148145,0.8333333333333334,BOTTOM
240,254,312,258,0.5185185185185185,0.8333333333333334,BOTTOM
240,255,311,258,0.5185185185185185,0.9166666666666666,BOTTOM
239,256,311,259,0.5185185185185185,0.9166666666666666,BOTTOM
240,256,311,259,0.5357142857142857,0.7857142857142857,BOTTOM
240,257,311,260,0.5185185185185185,0.9166666666666666,BOTTOM
240,258,311,261,0.5185185185185185,0.9285714285714286,BOTTOM
241,258,312,260,0.5555555555555556,0.8571428571428571,BOTTOM
242,259,314,261,0.5555555555555556,0.8571428571428571,BOTTOM
243,259,315,261,0.5555555555555556,0.75,BOTTOM
245,260,317,262,0.5714285714285714,0.875,BOTTOM
245,260,319,262,0.5357142857142857,0.875,BOTTOM
247,259,320,262,0.5357142857142857,0.8125,BOTTOM
253,260,325,264,0.5666666666666667,0.8,BOTTOM
250,261,322,265,0.5483870967741935,0.8,BOTTOM
247,262,320,266,0.53125,0.8,BOTTOM
247,263,320,266,0.53125,0.85,BOTTOM
246,263,319,266,0.53125,0.85,BOTTOM
245,263,318,267,0.53125,0.8,BOTTOM
165,329,224,306,0.7368421052631579,0,TOP_RIGHT
165,328,224,307,0.7222222222222222,0,TOP_RIGHT
165,327,225,307,0.6666666666666666,0,TOP
146,367,201,350,0.7058823529411765,0,TOP_RIGHT
147,368,202,351,0.7647058823529411,0,TOP_RIGHT
147,368,204,351,0.7222222222222222,0,TOP_RIGHT
148,368,204,351,0.7647058823529411,0,TOP_RIGHT
148,368,204,351,0.7222222222222222,0,TOP_RIGHT
148,368,204,351,0.7222222222222222,0,TOP_RIGHT
148,368,204,351,0.7222222222222222,0,TOP_RIGHT
148,368,204,351,0.7222222222222222,0,TOP_RIGHT
148,368,204,351,0.7222222222222222,0,TOP_RIGHT
148,368,204,351,0.7222222222222222,0,TOP_RIGHT
148,368,204,351,0.7222222222222222,0,TOP_RIGHT
148,368,204,351,0.7222222222222222,0,TOP_RIGHT
148,368,204,351,0.7058823529411765,0,TOP_RIGHT
149,368,206,351,0.6842105263157895,0,TOP
258,275,340,275,0.525,0.5555555555555556,CENTER
258,275,340,275,0.5384615384615384,0.5555555555555556,CENTER
257,275,339,275,0.5384615384615384,0.5555555555555556,CENTER
257,275,339,275,0.5384615384615384,0.5555555555555556,CENTER
257,275,339,275,0.5384615384615384,0.5555555555555556,CENTER
257,275,339,275,0.5384615384615384,0.5555555555555556,CENTER
257,275,339,275,0.5384615384615384,0.5555555555555556,CENTER
257,275,339,275,0.5384615384615384,0.5555555555555556,CENTER
257,275,339,275,0.5384615384615384,0.5555555555555556,CENTER
257,275,339,275,0.5384615384615384,0.5555555555555556,CENTER
257,275,339,275,0.5384615384615384,0.5555555555555556,CENTER
256,275,339,275,0.5128205128205128,0.5555555555555556,CENTER
256,275,339,275,0.5128205128205128,0.5294117647058824,CENTER
256,275,339,275,0.5128205128205128,0.5294117647058824,CENTER
256,275,339,276,0.5128205128205128,0.5588235294117647,CENTER
256,275,338,276,0.5128205128205128,0.5588235294117647,CENTER
256,275,338,276,0.5128205128205128,0.5588235294117647,CENTER
256,275,338,276,0.5128205128205128,0.5588235294117647,CENTER
256,275,338,276,0.5128205128205128,0.5588235294117647,CENTER
256,275,338,276,0.5128205128205128,0.5588235294117647,CENTER
256,275,338,276,0.5128205128205128,0.5588235294117647,CENTER
256,275,338,276,0.5263157894736842,0.5588235294117647,CENTER
256,275,338,276,0.5263157894736842,0.5588235294117647,CENTER
256,275,338,276,0.5263157894736842,0.5588235294117647,CENTER
256,275,338,276,0.5263157894736842,0.5588235294117647,CENTER
256,275,338,276,0.5263157894736842,0.5588235294117647,CENTER
256,275,338,276,0.5263157894736842,0.5588235294117647,CENTER
256,275,338,276,0.5263157894736842,0.5588235294117647,CENTER
256,275,338,276,0.5263157894736842,0.5588235294117647,CENTER
256,275,338,276,0.5263157894736842,0.5588235294117647,CENTER
256,275,338,276,0.5263157894736842,0.5588235294117647,CENTER
256,276,338,276,0.5263157894736842,0.5882352941176471,CENTER
256,276,338,276,0.5263157894736842,0.5882352941176471,CENTER
256,276,338,276,0.5263157894736842,0.5882352941176471,CENTER
256,276,338,276,0.5263157894736842,0.5882352941176471,CENTER
256,276,338,276,0.5263157894736842,0.5555555555555556,CENTER
256,276,338,276,0.5263157894736842,0.5555555555555556,CENTER
256,276,338,276,0.5263157894736842,0.5555555555555556,CENTER
256,276,338,276,0.5384615384615384,0.5555555555555556,CENTER
256,276,338,276,0.5384615384615384,0.5555555555555556,CENTER
256,276,338,276,0.5384615384615384,0.5555555555555556,CENTER
256,276,338,276,0.5384615384615384,0.5555555555555556,CENTER
256,276,338,276,0.5384615384615384,0.5555555555555556,CENTER
256,276,338,276,0.5384615384615384,0.5555555555555556,CENTER
256,276,338,276,0.5384615384615384,0.5555555555555556,CENTER
256,276,338,276,0.5384615384615384,0.5555555555555556,CENTER
256,276,338,276,0.5384615384615384,0.5555555555555556,CENTER
256,276,338,276,0.5384615384615384,0.5555555555555556,CENTER
256,276,338,276,0.5384615384615384,0.5555555555555556,CENTER
256,276,338,276,0.5384615384615384,0.5555555555555556,CENTER
240,274,327,275,0.24390243902439024,0.5277777777777778,LEFT
240,274,326,275,0.2682926829268293,0.5277777777777778,LEFT
240,274,326,275,0.2682926829268293,0.5277777777777778,LEFT
240,274,326,275,0.2682926829268293,0.5277777777777778,LEFT
240,274,326,275,0.2682926829268293,0.5277777777777778,LEFT
240,274,326,275,0.2682926829268293,0.5277777777777778,LEFT
240,274,326,275,0.2682926829268293,0.5277777777777778,LEFT
240,274,326,275,0.2682926829268293,0.5277777777777778,LEFT
240,274,326,275,0.2682926829268293,0.5277777777777778,LEFT
240,274,326,275,0.2682926829268293,0.5277777777777778,LEFT
240,274,326,275,0.2682926829268293,0.5277777777777778,LEFT
239,274,326,275,0.24390243902439024,0.5277777777777778,LEFT
239,274,326,275,0.24390243902439024,0.5277777777777778,LEFT
239,274,326,275,0.24390243902439024,0.5277777777777778,LEFT
239,274,325,275,0.24390243902439024,0.5277777777777778,LEFT
239,274,325,275,0.24390243902439024,0.5277777777777778,LEFT
239,274,325,275,0.24390243902439024,0.5277777777777778,LEFT
239,274,325,275,0.24390243902439024,0.5277777777777778,LEFT
239,274,325,275,0.24390243902439024,0.5277777777777778,LEFT
239,274,325,275,0.24390243902439024,0.5277777777777778,LEFT
239,274,325,275,0.24390243902439024,0.5277777777777778,LEFT
239,274,325,275,0.24390243902439024,0.5277777777777778,LEFT
239,274,325,275,0.24390243902439024,0.5277777777777778,LEFT
239,274,325,275,0.24390243902439024,0.5277777777777778,LEFT
239,274,325,275,0.24390243902439024,0.5277777777777778,LEFT
239,274,325,275,0.24390243902439024,0.5277777777777778,LEFT
239,274,325,275,0.24390243902439024,0.5277777777777778,LEFT
239,274,325,275,0.2619047619047619,0.5277777777777778,LEFT
239,274,325,275,0.2682926829268293,0.5277777777777778,LEFT
239,274,325,275,0.2682926829268293,0.5277777777777778,LEFT
239,274,325,275,0.2682926829268293,0.5277777777777778,LEFT
239,274,325,275,0.2682926829268293,0.5277777777777778,LEFT
239,274,325,275,0.2682926829268293,0.5277777777777778,LEFT
238,274,325,275,0.24390243902439024,0.5277777777777778,LEFT
238,274,325,275,0.24390243902439024,0.5277777777777778,LEFT
238,274,325,275,0.24390243902439024,0.5277777777777778,LEFT
238,274,325,275,0.24390243902439024,0.5277777777777778,LEFT
238,274,325,275,0.24390243902439024,0.5277777777777778,LEFT
238,274,325,275,0.24390243902439024,0.5277777777777778,LEFT
238,274,325,275,0.24390243902439024,0.5277777777777778,LEFT
238,274,324,275,0.24390243902439024,0.5277777777777778,LEFT
238,274,324,275,0.24390243902439024,0.5277777777777778,LEFT
238,274,324,275,0.24390243902439024,0.5277777777777778,LEFT
238,274,324,275,0.24390243902439024,0.5277777777777778,LEFT
238,274,324,275,0.24390243902439024,0.5277777777777778,LEFT
238,274,324,275,0.24390243902439024,0.5277777777777778,LEFT
238,274,324,275,0.24390243902439024,0.5277777777777778,LEFT
238,274,324,275,0.24390243902439024,0.5277777777777778,LEFT
238,274,324,275,0.24390243902439024,0.5277777777777778,LEFT
238,274,324,275,0.24390243902439024,0.5277777777777778,LEFT
238,274,324,275,0.25,0.5277777777777778,LEFT
238,274,324,275,0.25,0.5277777777777778,LEFT
238,274,324,275,0.2682926829268293,0.5277777777777778,LEFT
238,274,324,275,0.2682926829268293,0.5277777777777778,LEFT
238,274,324,275,0.2682926829268293,0.5277777777777778,LEFT
238,274,324,275,0.2682926829268293,0.5277777777777778,LEFT
238,275,324,275,0.2682926829268293,0.5555555555555556,LEFT
238,275,324,275,0.2682926829268293,0.5294117647058824,LEFT
238,275,324,275,0.2682926829268293,0.5294117647058824,LEFT
238,275,324,275,0.2682926829268293,0.5294117647058824,LEFT
238,275,324,275,0.2682926829268293,0.5294117647058824,LEFT
238,275,324,275,0.2682926829268293,0.5294117647058824,LEFT
238,275,324,275,0.2682926829268293,0.5294117647058824,LEFT
238,275,324,275,0.2682926829268293,0.5294117647058824,LEFT
238,275,324,275,0.2682926829268293,0.5294117647058824,LEFT
238,275,324,275,0.2682926829268293,0.5294117647058824,LEFT
238,275,324,275,0.2682926829268293,0.5294117647058824,LEFT
238,275,324,276,0.2682926829268293,0.5588235294117647,LEFT
238,275,324,276,0.2682926829268293,0.5588235294117647,LEFT
238,275,324,276,0.2682926829268293,0.5588235294117647,LEFT
238,275,324,276,0.2682926829268293,0.5588235294117647,LEFT
238,275,324,276,0.2682926829268293,0.5588235294117647,LEFT
238,275,324,276,0.2682926829268293,0.5588235294117647,LEFT
238,275,324,276,0.2682926829268293,0.5588235294117647,LEFT
238,275,324,276,0.2682926829268293,0.5588235294117647,LEFT
238,275,324,276,0.2682926829268293,0.5588235294117647,LEFT
238,275,324,276,0.2682926829268293,0.5588235294117647,LEFT
237,275,324,276,0.24390243902439024,0.5588235294117647,LEFT
237,275,324,276,0.24390243902439024,0.5588235294117647,LEFT
237,275,324,276,0.24390243902439024,0.5588235294117647,LEFT
237,275,324,276,0.24390243902439024,0.5588235294117647,LEFT
237,275,324,276,0.24390243902439024,0.5588235294117647,LEFT
237,275,324,276,0.24390243902439024,0.5588235294117647,LEFT
237,275,324,276,0.24390243902439024,0.5277777777777778,LEFT
237,275,324,276,0.24390243902439024,0.5277777777777778,LEFT
237,275,324,276,0.24390243902439024,0.5277777777777778,LEFT
237,275,324,276,0.24390243902439024,0.5277777777777778,LEFT
237,275,324,276,0.25,0.5277777777777778,LEFT
237,275,324,276,0.25,0.5277777777777778,LEFT
237,275,324,276,0.25,0.5277777777777778,LEFT
237,275,324,276,0.25,0.5277777777777778,LEFT
237,275,324,276,0.2682926829268293,0.5277777777777778,LEFT
237,275,324,276,0.2682926829268293,0.5277777777777778,LEFT
237,275,324,276,0.2682926829268293,0.5277777777777778,LEFT
237,275,324,276,0.2682926829268293,0.5277777777777778,LEFT
237,275,323,276,0.2682926829268293,0.5277777777777778,LEFT
237,275,323,276,0.2682926829268293,0.5277777777777778,LEFT
237,275,323,276,0.2682926829268293,0.5277777777777778,LEFT
236,275,322,275,0.2682926829268293,0.5,LEFT
236,275,322,275,0.2682926829268293,0.5,LEFT
236,275,322,275,0.2682926829268293,0.5,LEFT
236,275,322,275,0.2682926829268293,0.5,LEFT
236,275,322,275,0.2682926829268293,0.5,LEFT
236,275,322,275,0.2682926829268293,0.5,LEFT
236,275,322,275,0.2682926829268293,0.5,LEFT
236,275,322,275,0.2682926829268293,0.5,LEFT
236,275,322,275,0.2682926829268293,0.5,LEFT
236,275,322,275,0.2682926829268293,0.5,LEFT
236,275,322,275,0.2682926829268293,0.5,LEFT
236,275,322,275,0.2682926829268293,0.5,LEFT
236,275,322,275,0.25,0.5,LEFT
236,275,322,275,0.25,0.5,LEFT
236,275,322,275,0.25,0.5,LEFT
236,275,322,275,0.25,0.5,LEFT
236,275,322,275,0.25,0.5,LEFT
236,275,322,275,0.25,0.5,LEFT
236,275,322,275,0.25,0.5,LEFT
236,275,322,275,0.25,0.5,LEFT
236,275,322,275,0.2682926829268293,0.5,LEFT
236,275,322,275,0.2682926829268293,0.5,LEFT
236,275,322,275,0.2682926829268293,0.5,LEFT
236,275,322,275,0.2682926829268293,0.5,LEFT
235,275,322,275,0.24390243902439024,0.5,LEFT
236,275,322,275,0.2682926829268293,0.5,LEFT
236,275,322,275,0.2682926829268293,0.5,LEFT
236,275,322,275,0.2682926829268293,0.5,LEFT
236,275,322,275,0.2682926829268293,0.5,LEFT
236,275,322,275,0.2682926829268293,0.5,LEFT
236,275,322,275,0.2682926829268293,0.5,LEFT
236,275,322,275,0.2682926829268293,0.5,LEFT
236,275,322,275,0.2682926829268293,0.5,LEFT
236,275,322,275,0.2682926829268293,0.5,LEFT
236,275,322,275,0.2682926829268293,0.5,LEFT
236,275,322,275,0.2682926829268293,0.5,LEFT
236,275,322,275,0.2682926829268293,0.5,LEFT
265,274,350,275,0.7560975609756098,0.5588235294117647,RIGHT
265,274,350,275,0.7317073170731707,0.5588235294117647,RIGHT
265,274,350,275,0.7317073170731707,0.5588235294117647,RIGHT
265,274,350,275,0.7317073170731707,0.5588235294117647,RIGHT
266,274,350,275,0.7560975609756098,0.5588235294117647,RIGHT
266,274,350,275,0.7560975609756098,0.5588235294117647,RIGHT
266,274,351,275,0.75,0.5588235294117647,RIGHT
266,274,351,275,0.75,0.5588235294117647,RIGHT
266,274,351,275,0.75,0.5588235294117647,RIGHT
266,274,351,275,0.75,0.5588235294117647,RIGHT
266,274,351,275,0.75,0.5588235294117647,RIGHT
266,274,351,275,0.75,0.5588235294117647,RIGHT
266,274,351,275,0.7317073170731707,0.5588235294117647,RIGHT
266,274,351,275,0.7317073170731707,0.5588235294117647,RIGHT
266,274,351,275,0.7317073170731707,0.5588235294117647,RIGHT
266,274,351,275,0.7317073170731707,0.5588235294117647,RIGHT
266,274,351,275,0.7317073170731707,0.5588235294117647,RIGHT
266,274,351,275,0.7317073170731707,0.5588235294117647,RIGHT
266,274,351,275,0.725,0.5588235294117647,RIGHT
266,274,351,275,0.725,0.5588235294117647,RIGHT
266,274,351,275,0.725,0.5588235294117647,RIGHT
266,274,351,275,0.725,0.5588235294117647,RIGHT
266,274,351,275,0.725,0.5588235294117647,RIGHT
267,274,351,275,0.75,0.5588235294117647,RIGHT
267,274,351,275,0.75,0.5588235294117647,RIGHT
267,274,351,275,0.75,0.5588235294117647,RIGHT
267,274,351,275,0.75,0.5588235294117647,RIGHT
267,274,351,275,0.75,0.5588235294117647,RIGHT
267,274,351,275,0.75,0.5588235294117647,RIGHT
267,274,352,275,0.7317073170731707,0.5588235294117647,RIGHT
267,274,352,275,0.7317073170731707,0.5588235294117647,RIGHT
267,274,352,275,0.7317073170731707,0.5588235294117647,RIGHT
267,274,351,275,0.7317073170731707,0.5588235294117647,RIGHT
267,274,351,275,0.75,0.5588235294117647,RIGHT
267,274,351,275,0.7317073170731707,0.5588235294117647,RIGHT
267,274,351,275,0.7317073170731707,0.5588235294117647,RIGHT
267,274,352,275,0.7317073170731707,0.5588235294117647,RIGHT
267,274,352,275,0.7317073170731707,0.5588235294117647,RIGHT
267,274,352,275,0.7317073170731707,0.5588235294117647,RIGHT
267,274,352,275,0.7317073170731707,0.5588235294117647,RIGHT
267,274,352,275,0.7317073170731707,0.5588235294117647,RIGHT
267,274,352,275,0.7317073170731707,0.5588235294117647,RIGHT
267,274,352,275,0.7317073170731707,0.5588235294117647,RIGHT
267,274,352,275,0.7317073170731707,0.5588235294117647,RIGHT
267,274,352,275,0.7317073170731707,0.5588235294117647,RIGHT
267,274,352,275,0.7317073170731707,0.5588235294117647,RIGHT
267,274,352,275,0.7317073170731707,0.5588235294117647,RIGHT
267,274,352,275,0.7317073170731707,0.5588235294117647,RIGHT
267,274,352,275,0.7317073170731707,0.5588235294117647,RIGHT
267,274,352,275,0.7317073170731707,0.5588235294117647,RIGHT
267,274,352,275,0.7317073170731707,0.5588235294117647,RIGHT
267,274,352,275,0.7317073170731707,0.5588235294117647,RIGHT
267,274,352,275,0.725,0.5588235294117647,RIGHT
267,274,352,275,0.725,0.5588235294117647,RIGHT
267,274,352,275,0.725,0.5588235294117647,RIGHT
267,274,352,275,0.725,0.5588235294117647,RIGHT
267,274,352,275,0.725,0.5588235294117647,RIGHT
268,274,353,276,0.75,0.5882352941176471,RIGHT
268,274,353,276,0.75,0.5882352941176471,RIGHT
268,274,353,276,0.75,0.5882352941176471,RIGHT
268,274,353,276,0.75,0.5882352941176471,RIGHT
268,274,353,276,0.75,0.5882352941176471,RIGHT
268,274,353,276,0.75,0.5882352941176471,RIGHT
268,274,353,276,0.75,0.5882352941176471,RIGHT
268,274,353,276,0.75,0.5882352941176471,RIGHT
268,274,353,276,0.75,0.5882352941176471,RIGHT
268,274,353,276,0.75,0.5882352941176471,RIGHT
268,274,353,276,0.75,0.5882352941176471,RIGHT
268,274,353,276,0.75,0.5882352941176471,RIGHT
268,274,353,276,0.75,0.5882352941176471,RIGHT
269,274,353,276,0.75,0.5882352941176471,RIGHT
269,275,354,276,0.725,0.6176470588235294,RIGHT
269,275,354,276,0.725,0.6176470588235294,RIGHT
270,275,355,276,0.75,0.6176470588235294,RIGHT
270,275,355,276,0.75,0.6176470588235294,RIGHT
270,275,355,276,0.75,0.6176470588235294,RIGHT
270,275,355,276,0.75,0.6176470588235294,RIGHT
270,275,355,276,0.7317073170731707,0.6176470588235294,RIGHT
270,275,355,276,0.7317073170731707,0.6176470588235294,RIGHT
270,275,355,276,0.7317073170731707,0.6176470588235294,RIGHT
270,275,355,276,0.7317073170731707,0.6176470588235294,RIGHT
270,275,355,276,0.7317073170731707,0.6176470588235294,RIGHT
270,275,355,276,0.7317073170731707,0.6176470588235294,RIGHT
270,275,355,276,0.7317073170731707,0.6176470588235294,RIGHT
270,275,355,276,0.7317073170731707,0.6176470588235294,RIGHT
270,275,355,276,0.7317073170731707,0.6176470588235294,RIGHT
270,275,355,276,0.7317073170731707,0.59375,RIGHT
270,275,355,276,0.7317073170731707,0.59375,RIGHT
270,275,355,276,0.7317073170731707,0.59375,RIGHT
270,275,355,276,0.7317073170731707,0.59375,RIGHT
270,275,355,276,0.7317073170731707,0.59375,RIGHT
270,275,355,276,0.7317073170731707,0.59375,RIGHT
270,275,355,276,0.7317073170731707,0.59375,RIGHT
270,275,355,276,0.725,0.59375,RIGHT
270,275,355,276,0.725,0.59375,RIGHT
270,275,355,276,0.725,0.59375,RIGHT
270,275,355,276,0.725,0.59375,RIGHT
270,275,355,276,0.725,0.59375,RIGHT
270,275,355,276,0.725,0.59375,RIGHT
270,275,355,276,0.725,0.59375,RIGHT
270,275,355,276,0.725,0.59375,RIGHT
270,275,355,276,0.725,0.59375,RIGHT
270,275,355,276,0.725,0.59375,RIGHT
270,275,355,276,0.725,0.59375,RIGHT
270,275,355,276,0.725,0.59375,RIGHT
270,275,355,276,0.7073170731707317,0.59375,RIGHT
271,275,356,276,0.7317073170731707,0.59375,RIGHT
271,275,356,276,0.7317073170731707,0.59375,RIGHT
271,275,356,276,0.7317073170731707,0.59375,RIGHT
271,275,356,277,0.7317073170731707,0.625,RIGHT
271,275,356,277,0.7317073170731707,0.625,RIGHT
271,275,356,277,0.7317073170731707,0.625,RIGHT
271,275,356,277,0.7317073170731707,0.625,RIGHT
271,275,356,277,0.7317073170731707,0.625,RIGHT
271,275,356,277,0.7317073170731707,0.625,RIGHT
272,275,357,277,0.7073170731707317,0.5882352941176471,RIGHT
272,275,356,277,0.7073170731707317,0.5882352941176471,RIGHT
272,275,356,277,0.7073170731707317,0.5882352941176471,RIGHT
272,275,356,277,0.7073170731707317,0.5882352941176471,RIGHT
272,275,356,277,0.7073170731707317,0.5882352941176471,RIGHT
272,275,356,277,0.7073170731707317,0.5882352941176471,RIGHT
272,275,356,277,0.7073170731707317,0.5882352941176471,RIGHT
272,275,356,277,0.725,0.5882352941176471,RIGHT
272,275,356,277,0.725,0.5882352941176471,RIGHT
272,275,356,277,0.725,0.5882352941176471,RIGHT
272,275,356,277,0.725,0.5882352941176471,RIGHT
272,276,356,277,0.725,0.6176470588235294,RIGHT
272,276,356,277,0.725,0.59375,RIGHT
272,276,356,277,0.725,0.59375,RIGHT
272,276,356,277,0.725,0.59375,RIGHT
272,276,356,277,0.725,0.59375,RIGHT
272,276,356,277,0.725,0.59375,RIGHT
272,276,356,277,0.725,0.59375,RIGHT
272,276,356,277,0.725,0.59375,RIGHT
272,276,356,277,0.725,0.59375,RIGHT
271,276,356,277,0.7,0.59375,CENTER
248,343,335,339,0.47368421052631576,0.23529411764705882,TOP
249,345,336,340,0.5,0.15625,TOP
249,346,336,341,0.5,0.20588235294117646,TOP
249,346,336,341,0.5,0.20588235294117646,TOP
249,346,336,341,0.5,0.20588235294117646,TOP
249,346,337,341,0.5,0.20588235294117646,TOP
249,346,337,341,0.5,0.20588235294117646,TOP
249,346,337,341,0.5,0.20588235294117646,TOP
249,346,337,341,0.5,0.20588235294117646,TOP
249,346,337,341,0.48717948717948717,0.20588235294117646,TOP
249,346,337,341,0.48717948717948717,0.20588235294117646,TOP
249,346,337,341,0.48717948717948717,0.20588235294117646,TOP
249,346,337,341,0.48717948717948717,0.20588235294117646,TOP
249,346,337,341,0.48717948717948717,0.20588235294117646,TOP
249,346,338,341,0.48717948717948717,0.20588235294117646,TOP
249,346,338,341,0.48717948717948717,0.20588235294117646,TOP
249,346,338,341,0.48717948717948717,0.15625,TOP
249,346,338,341,0.48717948717948717,0.15625,TOP
249,346,338,341,0.48717948717948717,0.15625,TOP
249,346,338,341,0.48717948717948717,0.15625,TOP
249,346,338,341,0.48717948717948717,0.15625,TOP
249,347,338,341,0.48717948717948717,0.1875,TOP
249,347,338,342,0.48717948717948717,0.20588235294117646,TOP
249,347,338,342,0.48717948717948717,0.20588235294117646,TOP
249,347,338,342,0.48717948717948717,0.20588235294117646,TOP
249,347,338,341,0.48717948717948717,0.17647058823529413,TOP
249,347,338,342,0.47368421052631576,0.20588235294117646,TOP
249,347,338,342,0.47368421052631576,0.20588235294117646,TOP
249,347,338,341,0.47368421052631576,0.17647058823529413,TOP
249,347,338,341,0.47368421052631576,0.1875,TOP
249,347,338,341,0.47368421052631576,0.1875,TOP
249,347,338,342,0.46153846153846156,0.21875,TOP
249,347,338,341,0.46153846153846156,0.1875,TOP
249,347,338,341,0.46153846153846156,0.1875,TOP
249,347,338,341,0.46153846153846156,0.1875,TOP
249,347,339,341,0.46153846153846156,0.1875,TOP
249,347,339,341,0.46153846153846156,0.1875,TOP
249,347,339,341,0.46153846153846156,0.1875,TOP
249,347,339,341,0.46153846153846156,0.1875,TOP
250,347,339,341,0.48717948717948717,0.1875,TOP
250,347,339,341,0.48717948717948717,0.1875,TOP
250,347,339,341,0.48717948717948717,0.1875,TOP
250,347,339,341,0.48717948717948717,0.1875,TOP
250,347,339,341,0.48717948717948717,0.1875,TOP
250,347,339,341,0.48717948717948717,0.1875,TOP
250,347,339,341,0.48717948717948717,0.1875,TOP
250,347,339,341,0.48717948717948717,0.1875,TOP
250,347,339,341,0.48717948717948717,0.1875,TOP
250,347,339,341,0.48717948717948717,0.1875,TOP
250,347,339,341,0.48717948717948717,0.1875,TOP
250,347,339,341,0.48717948717948717,0.1875,TOP
250,347,339,341,0.48717948717948717,0.1875,TOP
250,347,339,341,0.48717948717948717,0.1875,TOP
250,347,339,341,0.48717948717948717,0.1875,TOP
250,347,339,341,0.48717948717948717,0.1875,TOP
250,347,339,341,0.48717948717948717,0.1875,TOP
250,347,339,341,0.48717948717948717,0.1875,TOP
250,347,339,341,0.48717948717948717,0.1875,TOP
250,347,339,341,0.48717948717948717,0.23529411764705882,TOP
250,347,339,341,0.48717948717948717,0.23529411764705882,TOP
250,346,339,341,0.48717948717948717,0.20588235294117646,TOP
250,346,339,341,0.48717948717948717,0.20588235294117646,TOP
250,346,339,341,0.475,0.20588235294117646,TOP
250,346,339,341,0.475,0.20588235294117646,TOP
250,346,339,341,0.475,0.20588235294117646,TOP
250,346,339,341,0.475,0.20588235294117646,TOP
250,346,339,341,0.475,0.20588235294117646,TOP
250,346,339,341,0.475,0.20588235294117646,TOP
250,346,339,341,0.475,0.20588235294117646,TOP
250,346,339,341,0.475,0.20588235294117646,TOP
250,346,339,341,0.475,0.20588235294117646,TOP
250,346,339,341,0.475,0.20588235294117646,TOP
250,346,339,341,0.475,0.20588235294117646,TOP
250,346,339,341,0.475,0.21875,TOP
250,346,339,341,0.475,0.21875,TOP
250,346,339,340,0.475,0.23529411764705882,TOP
250,345,339,340,0.475,0.20588235294117646,TOP
250,345,339,340,0.475,0.20588235294117646,TOP
250,345,339,340,0.475,0.20588235294117646,TOP
250,345,339,340,0.475,0.20588235294117646,TOP
250,345,339,340,0.475,0.20588235294117646,TOP
250,345,339,339,0.475,0.17647058823529413,TOP
250,344,339,339,0.475,0.20588235294117646,TOP
250,344,339,339,0.475,0.20588235294117646,TOP
250,344,339,339,0.475,0.20588235294117646,TOP
250,344,339,339,0.475,0.20588235294117646,TOP
250,344,339,338,0.475,0.17647058823529413,TOP
250,344,339,338,0.475,0.17647058823529413,TOP
250,344,339,338,0.475,0.17647058823529413,TOP
251,344,339,338,0.4878048780487805,0.17647058823529413,TOP
251,344,339,338,0.4878048780487805,0.17647058823529413,TOP
251,344,339,338,0.4878048780487805,0.17647058823529413,TOP
251,344,339,338,0.4878048780487805,0.17647058823529413,TOP
251,344,339,338,0.4878048780487805,0.17647058823529413,TOP
251,344,339,338,0.4878048780487805,0.17647058823529413,TOP
251,344,339,338,0.4878048780487805,0.17647058823529413,TOP
251,344,339,338,0.4878048780487805,0.1875,TOP
251,344,339,338,0.4878048780487805,0.17647058823529413,TOP
251,344,339,338,0.4878048780487805,0.17647058823529413,TOP
251,344,339,338,0.4878048780487805,0.17647058823529413,TOP
251,344,339,338,0.4878048780487805,0.17647058823529413,TOP
251,344,340,338,0.4878048780487805,0.17647058823529413,TOP
251,344,340,338,0.4878048780487805,0.17647058823529413,TOP
251,344,340,338,0.4878048780487805,0.17647058823529413,TOP
251,344,340,339,0.4878048780487805,0.20588235294117646,TOP
251,344,340,339,0.4878048780487805,0.20588235294117646,TOP
251,344,340,339,0.4878048780487805,0.20588235294117646,TOP
251,344,340,339,0.4878048780487805,0.21875,TOP
251,344,340,339,0.4878048780487805,0.21875,TOP
251,344,340,339,0.4878048780487805,0.21875,TOP
251,344,340,339,0.4878048780487805,0.21875,TOP
251,344,340,339,0.4878048780487805,0.21875,TOP
251,344,340,339,0.4878048780487805,0.2647058823529412,TOP
251,344,340,339,0.4878048780487805,0.2647058823529412,TOP
251,344,340,339,0.4878048780487805,0.2647058823529412,TOP
251,344,340,339,0.4878048780487805,0.2647058823529412,TOP
251,344,340,339,0.4878048780487805,0.2647058823529412,TOP
251,344,340,339,0.4878048780487805,0.2647058823529412,TOP
251,344,340,339,0.4878048780487805,0.2647058823529412,TOP
251,344,340,339,0.4878048780487805,0.25,TOP
251,344,340,339,0.4878048780487805,0.25,TOP
251,344,340,339,0.4878048780487805,0.25,TOP
251,344,340,339,0.4878048780487805,0.25,TOP
251,344,340,339,0.4878048780487805,0.20588235294117646,TOP
251,344,340,339,0.4878048780487805,0.20588235294117646,TOP
251,344,340,339,0.4878048780487805,0.20588235294117646,TOP
251,344,340,339,0.4878048780487805,0.20588235294117646,TOP
251,344,340,339,0.47619047619047616,0.20588235294117646,TOP
251,344,340,339,0.47619047619047616,0.20588235294117646,TOP
251,344,340,339,0.47619047619047616,0.20588235294117646,TOP
251,344,340,339,0.47619047619047616,0.20588235294117646,TOP
252,344,340,339,0.5,0.20588235294117646,TOP
252,344,340,339,0.5,0.20588235294117646,TOP
252,344,340,339,0.5,0.20588235294117646,TOP
252,344,340,339,0.5,0.20588235294117646,TOP
252,344,340,339,0.5,0.20588235294117646,TOP
252,344,340,339,0.5,0.20588235294117646,TOP
252,344,340,339,0.4878048780487805,0.20588235294117646,TOP
252,344,340,339,0.4878048780487805,0.20588235294117646,TOP
252,344,340,339,0.4878048780487805,0.20588235294117646,TOP
252,344,341,339,0.4878048780487805,0.20588235294117646,TOP
272,264,348,277,0.5135135135135135,0.96875,BOTTOM
274,266,351,278,0.5135135135135135,0.9375,BOTTOM
274,266,351,278,0.5135135135135135,0.9375,BOTTOM
274,266,351,278,0.5135135135135135,0.9375,BOTTOM
274,266,351,278,0.5135135135135135,0.9375,BOTTOM
273,266,350,278,0.4864864864864865,0.9375,BOTTOM
273,266,350,278,0.4864864864864865,0.9375,BOTTOM
273,266,350,278,0.4864864864864865,0.9375,BOTTOM
273,266,350,278,0.4864864864864865,0.9375,BOTTOM
274,266,350,278,0.5135135135135135,0.9375,BOTTOM
274,266,351,278,0.5135135135135135,0.9375,BOTTOM
274,266,351,278,0.5135135135135135,0.9375,BOTTOM
274,266,351,278,0.5135135135135135,0.9375,BOTTOM
274,266,351,278,0.5,0.9333333333333333,BOTTOM
274,266,351,278,0.5,0.9333333333333333,BOTTOM
274,266,351,278,0.5,0.9333333333333333,BOTTOM
274,266,351,278,0.4864864864864865,0.9333333333333333,BOTTOM
274,266,351,278,0.4864864864864865,0.9333333333333333,BOTTOM
274,266,351,278,0.4864864864864865,0.9333333333333333,BOTTOM
274,266,351,278,0.4864864864864865,0.9333333333333333,BOTTOM
275,266,351,278,0.5135135135135135,0.9333333333333333,BOTTOM
275,267,352,278,0.5135135135135135,0.9666666666666667,BOTTOM
275,267,352,278,0.5135135135135135,0.9666666666666667,BOTTOM
275,267,352,278,0.5135135135135135,0.90625,BOTTOM
275,267,352,278,0.5135135135135135,0.90625,BOTTOM
275,267,352,278,0.5135135135135135,0.90625,BOTTOM
275,267,352,279,0.5135135135135135,0.9375,BOTTOM
275,267,352,279,0.5135135135135135,0.9375,BOTTOM
275,267,352,279,0.5135135135135135,0.9375,BOTTOM
275,267,352,279,0.5135135135135135,0.9375,BOTTOM
275,267,352,279,0.5135135135135135,0.9375,BOTTOM
275,267,352,279,0.5135135135135135,0.9375,BOTTOM
275,267,352,279,0.5135135135135135,0.9375,BOTTOM
275,267,352,279,0.5135135135135135,0.9375,BOTTOM
275,267,352,279,0.5135135135135135,0.9375,BOTTOM
275,267,352,279,0.5135135135135135,0.9375,BOTTOM
275,267,352,279,0.5135135135135135,0.9375,BOTTOM
275,267,352,279,0.5135135135135135,0.9375,BOTTOM
275,267,352,279,0.5135135135135135,0.9333333333333333,BOTTOM
275,267,352,279,0.5135135135135135,0.9333333333333333,BOTTOM
275,267,352,279,0.5135135135135135,0.9333333333333333,BOTTOM
275,268,352,279,0.5135135135135135,0.9666666666666667,BOTTOM
275,268,352,280,0.5135135135135135,0.9375,BOTTOM
275,268,352,280,0.5135135135135135,0.9375,BOTTOM
275,268,352,280,0.5135135135135135,0.9375,BOTTOM
275,268,352,280,0.5,0.9375,BOTTOM
275,268,352,280,0.5,0.9375,BOTTOM
275,268,352,280,0.5,0.9375,BOTTOM
275,268,352,280,0.5,0.9375,BOTTOM
275,268,352,280,0.5,0.9375,BOTTOM
275,268,353,280,0.5,0.9375,BOTTOM
275,268,353,280,0.5,0.9375,BOTTOM
275,268,352,280,0.4864864864864865,0.9375,BOTTOM
275,268,352,280,0.4864864864864865,0.9375,BOTTOM
275,268,352,280,0.4864864864864865,0.9375,BOTTOM
275,268,352,280,0.4864864864864865,0.9375,BOTTOM
275,268,353,280,0.4864864864864865,0.9375,BOTTOM
275,268,353,280,0.4864864864864865,0.9375,BOTTOM
275,268,353,280,0.4864864864864865,0.9375,BOTTOM
275,268,353,280,0.4864864864864865,0.9375,BOTTOM
275,268,353,280,0.4864864864864865,0.9375,BOTTOM
275,268,353,280,0.4864864864864865,0.9375,BOTTOM
275,268,353,280,0.4864864864864865,0.9375,BOTTOM
275,268,353,281,0.5,0.96875,BOTTOM
275,268,353,281,0.5,0.96875,BOTTOM
275,268,353,281,0.5,0.9666666666666667,BOTTOM
275,268,352,281,0.5,0.90625,BOTTOM
275,268,352,281,0.5,0.90625,BOTTOM
275,269,352,281,0.5,0.9375,BOTTOM
275,269,352,281,0.5,0.9375,BOTTOM
275,269,352,281,0.4864864864864865,0.9375,BOTTOM
275,269,352,281,0.4864864864864865,0.9375,BOTTOM
275,269,352,281,0.4864864864864865,0.9375,BOTTOM
276,269,353,281,0.5135135135135135,0.9375,BOTTOM
276,269,353,281,0.4864864864864865,0.9375,BOTTOM
276,269,353,281,0.4864864864864865,0.9375,BOTTOM
276,269,354,281,0.4864864864864865,0.9375,BOTTOM
277,269,354,281,0.5135135135135135,0.9375,BOTTOM
277,269,354,281,0.5,0.9375,BOTTOM
277,269,354,282,0.4864864864864865,0.96875,BOTTOM
277,269,354,282,0.4864864864864865,0.96875,BOTTOM
278,269,354,282,0.5135135135135135,0.96875,BOTTOM
278,269,354,282,0.5135135135135135,0.96875,BOTTOM
278,269,355,282,0.5135135135135135,0.96875,BOTTOM
278,269,355,282,0.5,0.9117647058823529,BOTTOM
278,269,355,283,0.5,0.9411764705882353,BOTTOM
278,269,355,283,0.5,0.9375,BOTTOM
278,269,355,283,0.5,0.9375,BOTTOM
278,270,355,283,0.5,0.96875,BOTTOM
278,270,355,283,0.5,0.96875,BOTTOM
278,270,355,283,0.4864864864864865,0.96875,BOTTOM
278,270,355,283,0.4864864864864865,0.96875,BOTTOM
278,270,355,283,0.4864864864864865,0.96875,BOTTOM
278,270,355,283,0.4864864864864865,0.96875,BOTTOM
278,270,355,283,0.4864864864864865,0.96875,BOTTOM
278,270,355,284,0.4864864864864865,1,BOTTOM
278,270,355,284,0.4864864864864865,1,BOTTOM
279,270,355,284,0.5135135135135135,1,BOTTOM
279,270,356,284,0.5135135135135135,1,BOTTOM
279,270,356,284,0.5135135135135135,1,BOTTOM
279,270,356,284,0.5135135135135135,0.9411764705882353,BOTTOM
279,270,356,284,0.5135135135135135,0.9411764705882353,BOTTOM
279,270,356,284,0.5135135135135135,0.9411764705882353,BOTTOM
279,270,356,284,0.5135135135135135,0.9411764705882353,BOTTOM
279,270,356,284,0.5135135135135135,0.9375,BOTTOM
279,270,356,284,0.5135135135135135,0.9375,BOTTOM
279,270,356,284,0.5,0.9375,BOTTOM
279,270,356,284,0.5,0.9375,BOTTOM
279,270,356,284,0.5,0.9375,BOTTOM
279,270,356,284,0.5,0.9375,BOTTOM
279,271,356,284,0.5,0.96875,BOTTOM
279,271,356,284,0.5,0.96875,BOTTOM
279,271,356,285,0.5,1,BOTTOM
279,271,356,285,0.5,1,BOTTOM
279,271,356,285,0.5,1,BOTTOM
279,271,356,285,0.5,1,BOTTOM
279,271,356,285,0.5,1,BOTTOM
279,271,356,285,0.5,1,BOTTOM
279,271,356,285,0.5,1,BOTTOM
279,271,356,285,0.5,1,BOTTOM
279,271,356,285,0.5,1,BOTTOM
279,271,356,285,0.4864864864864865,1,BOTTOM
279,271,356,285,0.4864864864864865,1,BOTTOM
279,271,356,285,0.5,1,BOTTOM
279,271,356,285,0.5,1,BOTTOM
187,283,257,293,0.6666666666666666,0.8333333333333334,BOTTOM
183,254,247,262,0.7777777777777778,0.8571428571428571,BOTTOM_RIGHT
183,253,250,260,0.7,0.8928571428571429,BOTTOM
183,253,250,260,0.7,0.8928571428571429,BOTTOM
183,252,250,260,0.7,0.8571428571428571,BOTTOM
183,252,250,260,0.7,0.8571428571428571,BOTTOM
183,252,250,260,0.7,0.8571428571428571,BOTTOM
184,252,250,260,0.75,0.8571428571428571,BOTTOM_RIGHT
184,252,250,260,0.75,0.8571428571428571,BOTTOM_RIGHT
184,252,250,260,0.75,0.8571428571428571,BOTTOM_RIGHT
184,252,250,260,0.75,0.9230769230769231,BOTTOM_RIGHT
184,252,250,260,0.75,0.8571428571428571,BOTTOM_RIGHT
184,252,250,260,0.75,0.9230769230769231,BOTTOM_RIGHT
184,252,251,260,0.7142857142857143,0.9230769230769231,BOTTOM_RIGHT
184,252,251,260,0.7142857142857143,0.9230769230769231,BOTTOM_RIGHT
184,252,251,260,0.7142857142857143,0.9230769230769231,BOTTOM_RIGHT
184,252,251,260,0.7142857142857143,0.9230769230769231,BOTTOM_RIGHT
196,244,266,251,0.7391304347826086,0.8846153846153846,BOTTOM_RIGHT
198,244,268,251,0.7083333333333334,0.8846153846153846,BOTTOM_RIGHT
198,244,269,251,0.7083333333333334,0.8846153846153846,BOTTOM_RIGHT
198,244,269,251,0.7083333333333334,0.8846153846153846,BOTTOM_RIGHT
198,244,269,251,0.7083333333333334,0.8846153846153846,BOTTOM_RIGHT
198,244,269,251,0.7083333333333334,0.8846153846153846,BOTTOM_RIGHT
198,244,269,251,0.7083333333333334,0.8846153846153846,BOTTOM_RIGHT
198,244,269,251,0.7083333333333334,0.8846153846153846,BOTTOM_RIGHT
198,244,269,251,0.7083333333333334,0.8846153846153846,BOTTOM_RIGHT
198,244,269,251,0.7083333333333334,0.8846153846153846,BOTTOM_RIGHT
198,244,269,251,0.7083333333333334,0.8846153846153846,BOTTOM_RIGHT
198,244,268,251,0.7083333333333334,0.8846153846153846,BOTTOM_RIGHT
198,244,268,251,0.7083333333333334,0.8214285714285714,BOTTOM_RIGHT
198,244,268,252,0.7083333333333334,0.8571428571428571,BOTTOM_RIGHT
198,244,268,252,0.7083333333333334,0.8571428571428571,BOTTOM_RIGHT
198,244,268,252,0.7083333333333334,0.8571428571428571,BOTTOM_RIGHT
198,245,268,252,0.7083333333333334,0.8928571428571429,BOTTOM_RIGHT
198,245,268,252,0.7083333333333334,0.8846153846153846,BOTTOM_RIGHT
198,245,268,252,0.7083333333333334,0.8846153846153846,BOTTOM_RIGHT
198,245,268,252,0.7083333333333334,0.8846153846153846,BOTTOM_RIGHT
198,245,268,252,0.7083333333333334,0.8846153846153846,BOTTOM_RIGHT
198,245,268,252,0.7083333333333334,0.8846153846153846,BOTTOM_RIGHT
198,245,268,252,0.7083333333333334,0.8846153846153846,BOTTOM_RIGHT
198,245,268,252,0.7083333333333334,0.8846153846153846,BOTTOM_RIGHT
198,245,268,252,0.7083333333333334,0.8846153846153846,BOTTOM_RIGHT
198,245,269,252,0.7083333333333334,0.8846153846153846,BOTTOM_RIGHT
198,245,269,252,0.7083333333333334,0.8846153846153846,BOTTOM_RIGHT
198,245,268,252,0.7083333333333334,0.8846153846153846,BOTTOM_RIGHT
198,245,268,252,0.7083333333333334,0.8846153846153846,BOTTOM_RIGHT
198,245,268,252,0.7083333333333334,0.8846153846153846,BOTTOM_RIGHT
198,245,268,252,0.7083333333333334,0.8846153846153846,BOTTOM_RIGHT
198,245,268,253,0.7391304347826086,0.9230769230769231,BOTTOM_RIGHT
198,245,267,253,0.7391304347826086,0.9230769230769231,BOTTOM_RIGHT
197,245,267,253,0.6956521739130435,0.8571428571428571,BOTTOM
197,246,267,253,0.6956521739130435,0.8846153846153846,BOTTOM
197,246,267,253,0.6956521739130435,0.8846153846153846,BOTTOM
197,246,267,253,0.6956521739130435,0.8846153846153846,BOTTOM
197,246,267,253,0.6956521739130435,0.8846153846153846,BOTTOM
197,244,267,251,0.6956521739130435,0.8846153846153846,BOTTOM
198,247,269,255,0.6666666666666666,0.8571428571428571,BOTTOM
197,248,268,256,0.6956521739130435,0.9230769230769231,BOTTOM
197,244,266,250,0.7083333333333334,0.7692307692307693,BOTTOM_RIGHT
197,243,267,249,0.6956521739130435,0.7692307692307693,BOTTOM
197,243,267,249,0.6956521739130435,0.7692307692307693,BOTTOM
197,243,267,249,0.6956521739130435,0.7692307692307693,BOTTOM
197,243,267,249,0.6956521739130435,0.7692307692307693,BOTTOM
197,243,267,249,0.6956521739130435,0.7692307692307693,BOTTOM
197,243,267,249,0.6956521739130435,0.7692307692307693,BOTTOM
197,243,267,249,0.6956521739130435,0.7692307692307693,BOTTOM
197,243,267,249,0.6956521739130435,0.7692307692307693,BOTTOM
197,242,267,247,0.6956521739130435,0.7916666666666666,BOTTOM
253,235,336,235,0.46153846153846156,0.5,CENTER
251,232,336,232,0.475,0.5882352941176471,CENTER
251,230,336,230,0.475,0.5294117647058824,CENTER
230,216,340,208,0.7169811320754716,0.22727272727272727,TOP_RIGHT
230,217,341,209,0.7037037037037037,0.22727272727272727,TOP_RIGHT
231,218,341,210,0.7169811320754716,0.2608695652173913,TOP_RIGHT
231,218,341,210,0.7169811320754716,0.2727272727272727,TOP_RIGHT
231,218,341,210,0.7169811320754716,0.22727272727272727,TOP_RIGHT
231,218,341,210,0.7222222222222222,0.22727272727272727,TOP_RIGHT
231,219,341,211,0.7222222222222222,0.2608695652173913,TOP_RIGHT
231,219,342,211,0.7169811320754716,0.22727272727272727,TOP_RIGHT
232,219,342,212,0.7169811320754716,0.25,TOP_RIGHT
232,219,342,212,0.7169811320754716,0.2826086956521739,TOP_RIGHT
232,220,342,212,0.7169811320754716,0.2727272727272727,TOP_RIGHT
232,220,342,213,0.7169811320754716,0.29545454545454547,TOP_RIGHT
232,221,342,213,0.7169811320754716,0.2727272727272727,TOP_RIGHT
232,221,342,214,0.7222222222222222,0.29545454545454547,TOP_RIGHT
232,221,342,214,0.7358490566037735,0.29545454545454547,TOP_RIGHT
232,221,342,213,0.7222222222222222,0.2727272727272727,TOP_RIGHT
232,221,342,213,0.7222222222222222,0.2727272727272727,TOP_RIGHT
231,220,342,213,0.7169811320754716,0.29545454545454547,TOP_RIGHT
229,221,341,213,0.6851851851851852,0.2857142857142857,TOP
229,222,340,215,0.6981132075471698,0.2619047619047619,TOP
229,223,341,216,0.6792452830188679,0.275,TOP
234,221,349,214,0.7090909090909091,0.30952380952380953,RIGHT
234,220,350,214,0.6964285714285714,0.2857142857142857,TOP
235,220,350,214,0.7142857142857143,0.2857142857142857,TOP_RIGHT
235,220,350,214,0.7142857142857143,0.2857142857142857,TOP_RIGHT
235,220,350,214,0.7142857142857143,0.3333333333333333,RIGHT
235,220,351,213,0.7090909090909091,0.30952380952380953,RIGHT
236,220,351,213,0.7142857142857143,0.30952380952380953,RIGHT
236,220,351,213,0.7142857142857143,0.30952380952380953,RIGHT
236,219,351,213,0.7142857142857143,0.2857142857142857,TOP_RIGHT
236,219,351,213,0.7142857142857143,0.2857142857142857,TOP_RIGHT
237,219,351,213,0.7321428571428571,0.2857142857142857,TOP_RIGHT
237,219,351,213,0.7321428571428571,0.2857142857142857,TOP_RIGHT
237,219,352,213,0.7142857142857143,0.2857142857142857,TOP_RIGHT
237,219,352,213,0.7142857142857143,0.2857142857142857,TOP_RIGHT
237,219,352,213,0.7142857142857143,0.3181818181818182,RIGHT
237,219,352,213,0.7142857142857143,0.3333333333333333,RIGHT
238,219,352,213,0.7321428571428571,0.3333333333333333,RIGHT
238,219,352,213,0.7321428571428571,0.3333333333333333,RIGHT
238,219,352,212,0.7321428571428571,0.30952380952380953,RIGHT
238,219,353,212,0.7192982456140351,0.30952380952380953,RIGHT
238,219,353,212,0.7142857142857143,0.30952380952380953,RIGHT
239,219,353,212,0.7321428571428571,0.30952380952380953,RIGHT
239,219,353,212,0.7321428571428571,0.30952380952380953,RIGHT
239,218,353,212,0.7192982456140351,0.2857142857142857,TOP_RIGHT
239,218,353,212,0.7142857142857143,0.2857142857142857,TOP_RIGHT
239,218,354,212,0.7142857142857143,0.2857142857142857,TOP_RIGHT
240,218,354,212,0.7321428571428571,0.2857142857142857,TOP_RIGHT
224,217,338,211,0.7543859649122807,0.30434782608695654,RIGHT
225,216,338,209,0.7678571428571429,0.29545454545454547,TOP_RIGHT
225,215,339,209,0.7678571428571429,0.3181818181818182,RIGHT
224,220,339,212,0.75,0.2727272727272727,TOP_RIGHT
224,219,339,212,0.7543859649122807,0.2826086956521739,TOP_RIGHT
224,219,339,212,0.7543859649122807,0.2826086956521739,TOP_RIGHT
224,219,339,212,0.7543859649122807,0.2826086956521739,TOP_RIGHT
224,219,339,212,0.7543859649122807,0.2826086956521739,TOP_RIGHT
224,219,339,212,0.7543859649122807,0.2826086956521739,TOP_RIGHT
224,219,339,212,0.7543859649122807,0.2826086956521739,TOP_RIGHT
224,219,339,212,0.7543859649122807,0.2826086956521739,TOP_RIGHT
224,219,339,212,0.7543859649122807,0.2826086956521739,TOP_RIGHT
224,219,339,212,0.7543859649122807,0.2826086956521739,TOP_RIGHT
224,219,339,212,0.7543859649122807,0.2826086956521739,TOP_RIGHT
224,219,339,212,0.7678571428571429,0.2826086956521739,TOP_RIGHT
223,219,339,212,0.75,0.2826086956521739,TOP_RIGHT
223,219,339,212,0.75,0.2826086956521739,TOP_RIGHT
223,219,339,212,0.75,0.2826086956521739,TOP_RIGHT
224,219,339,212,0.7678571428571429,0.2826086956521739,TOP_RIGHT
223,219,339,212,0.75,0.2826086956521739,TOP_RIGHT
223,219,339,212,0.75,0.25,TOP_RIGHT
223,219,339,212,0.75,0.25,TOP_RIGHT
223,219,339,212,0.75,0.25,TOP_RIGHT
223,220,339,212,0.75,0.2727272727272727,TOP_RIGHT
223,220,339,212,0.75,0.2727272727272727,TOP_RIGHT
223,220,339,212,0.75,0.2727272727272727,TOP_RIGHT
223,220,339,212,0.75,0.2727272727272727,TOP_RIGHT
223,220,339,212,0.75,0.2727272727272727,TOP_RIGHT
223,220,339,212,0.75,0.2727272727272727,TOP_RIGHT
223,220,339,212,0.75,0.2727272727272727,TOP_RIGHT
223,220,339,212,0.75,0.2727272727272727,TOP_RIGHT
223,220,339,212,0.75,0.2727272727272727,TOP_RIGHT
223,220,339,212,0.75,0.2727272727272727,TOP_RIGHT
223,220,339,212,0.75,0.2727272727272727,TOP_RIGHT
223,220,339,212,0.75,0.2727272727272727,TOP_RIGHT
223,220,339,212,0.75,0.2727272727272727,TOP_RIGHT
223,220,339,212,0.75,0.2727272727272727,TOP_RIGHT
223,220,338,212,0.75,0.2727272727272727,TOP_RIGHT
223,220,338,212,0.75,0.2727272727272727,TOP_RIGHT
223,220,338,212,0.75,0.2727272727272727,TOP_RIGHT
223,219,337,212,0.75,0.25,TOP_RIGHT
223,219,337,212,0.75,0.25,TOP_RIGHT
223,219,336,212,0.75,0.25,TOP_RIGHT
223,219,336,212,0.75,0.25,TOP_RIGHT
222,219,336,212,0.7321428571428571,0.29545454545454547,TOP_RIGHT
222,219,335,212,0.7454545454545455,0.29545454545454547,TOP_RIGHT
222,219,335,212,0.7454545454545455,0.29545454545454547,TOP_RIGHT
222,219,334,212,0.7454545454545455,0.29545454545454547,TOP_RIGHT
222,219,334,212,0.7454545454545455,0.29545454545454547,TOP_RIGHT
222,219,334,211,0.7454545454545455,0.2727272727272727,TOP_RIGHT
222,219,334,211,0.7454545454545455,0.2727272727272727,TOP_RIGHT
222,219,333,211,0.7454545454545455,0.2727272727272727,TOP_RIGHT
222,219,333,211,0.7454545454545455,0.2727272727272727,TOP_RIGHT
222,219,333,211,0.75,0.2727272727272727,TOP_RIGHT
221,219,332,211,0.7321428571428571,0.2727272727272727,TOP_RIGHT
221,219,332,211,0.7454545454545455,0.2727272727272727,TOP_RIGHT
221,219,332,211,0.7454545454545455,0.2727272727272727,TOP_RIGHT
221,219,332,211,0.7454545454545455,0.2727272727272727,TOP_RIGHT
221,219,332,211,0.7454545454545455,0.2727272727272727,TOP_RIGHT
221,219,331,211,0.7454545454545455,0.2727272727272727,TOP_RIGHT
220,219,331,211,0.7454545454545455,0.2727272727272727,TOP_RIGHT
220,219,331,211,0.7454545454545455,0.2727272727272727,TOP_RIGHT
220,219,331,211,0.7454545454545455,0.2727272727272727,TOP_RIGHT
219,218,330,211,0.7272727272727273,0.25,TOP_RIGHT
219,218,330,211,0.7407407407407407,0.25,TOP_RIGHT
219,218,330,211,0.7454545454545455,0.25,TOP_RIGHT
219,218,330,211,0.7454545454545455,0.2619047619047619,TOP_RIGHT
219,218,330,211,0.7454545454545455,0.2619047619047619,TOP_RIGHT
219,218,330,211,0.7454545454545455,0.29545454545454547,TOP_RIGHT
219,218,330,211,0.7454545454545455,0.29545454545454547,TOP_RIGHT
219,218,330,211,0.7454545454545455,0.29545454545454547,TOP_RIGHT
219,218,330,211,0.7454545454545455,0.29545454545454547,TOP_RIGHT
219,218,330,211,0.7454545454545455,0.29545454545454547,TOP_RIGHT
219,218,330,211,0.7454545454545455,0.29545454545454547,TOP_RIGHT
219,218,330,211,0.7454545454545455,0.29545454545454547,TOP_RIGHT
219,218,330,211,0.7454545454545455,0.29545454545454547,TOP_RIGHT
219,218,330,211,0.7454545454545455,0.29545454545454547,TOP_RIGHT
219,218,330,211,0.7454545454545455,0.29545454545454547,TOP_RIGHT
218,218,330,211,0.7272727272727273,0.29545454545454547,TOP_RIGHT
218,218,330,211,0.7272727272727273,0.29545454545454547,TOP_RIGHT
218,218,330,211,0.7272727272727273,0.29545454545454547,TOP_RIGHT
218,218,330,211,0.7272727272727273,0.29545454545454547,TOP_RIGHT
218,218,330,211,0.7272727272727273,0.29545454545454547,TOP_RIGHT
218,218,330,211,0.7272727272727273,0.29545454545454547,TOP_RIGHT
218,218,330,211,0.7272727272727273,0.29545454545454547,TOP_RIGHT
218,218,330,211,0.7272727272727273,0.29545454545454547,TOP_RIGHT
218,218,330,211,0.7272727272727273,0.29545454545454547,TOP_RIGHT
218,218,330,211,0.7407407407407407,0.29545454545454547,TOP_RIGHT
218,218,330,211,0.7407407407407407,0.29545454545454547,TOP_RIGHT
217,218,330,211,0.7222222222222222,0.29545454545454547,TOP_RIGHT
217,218,330,211,0.7272727272727273,0.29545454545454547,TOP_RIGHT
217,218,330,211,0.7272727272727273,0.29545454545454547,TOP_RIGHT
217,218,330,211,0.7272727272727273,0.29545454545454547,TOP_RIGHT
217,218,330,211,0.7272727272727273,0.29545454545454547,TOP_RIGHT
217,218,330,211,0.7272727272727273,0.29545454545454547,TOP_RIGHT
217,218,330,211,0.7272727272727273,0.29545454545454547,TOP_RIGHT
217,218,330,211,0.7272727272727273,0.29545454545454547,TOP_RIGHT
217,218,330,211,0.7272727272727273,0.29545454545454547,TOP_RIGHT
217,218,330,211,0.7272727272727273,0.29545454545454547,TOP_RIGHT
217,218,330,211,0.7407407407407407,0.29545454545454547,TOP_RIGHT
217,218,330,211,0.7407407407407407,0.29545454545454547,TOP_RIGHT
217,218,329,211,0.7407407407407407,0.29545454545454547,TOP_RIGHT
216,218,329,211,0.7222222222222222,0.29545454545454547,TOP_RIGHT
216,218,329,211,0.7222222222222222,0.29545454545454547,TOP_RIGHT
216,218,329,211,0.7222222222222222,0.29545454545454547,TOP_RIGHT
216,218,329,211,0.7222222222222222,0.29545454545454547,TOP_RIGHT
216,218,329,211,0.7222222222222222,0.29545454545454547,TOP_RIGHT
216,218,329,211,0.7222222222222222,0.29545454545454547,TOP_RIGHT
216,218,329,211,0.7222222222222222,0.29545454545454547,TOP_RIGHT
216,218,329,211,0.7222222222222222,0.29545454545454547,TOP_RIGHT
216,218,329,211,0.7222222222222222,0.29545454545454547,TOP_RIGHT
216,218,329,211,0.7222222222222222,0.29545454545454547,TOP_RIGHT
185,235,291,229,0.2,0.3333333333333333,LEFT
183,234,289,228,0.23529411764705882,0.35,LEFT
183,234,289,228,0.24,0.3684210526315789,LEFT
183,234,289,228,0.2549019607843137,0.3684210526315789,LEFT
182,234,289,227,0.23529411764705882,0.34210526315789475,LEFT
182,234,289,227,0.23529411764705882,0.34210526315789475,LEFT
182,234,289,227,0.23529411764705882,0.34210526315789475,LEFT
182,234,288,227,0.2549019607843137,0.34210526315789475,LEFT
182,234,288,227,0.2549019607843137,0.34210526315789475,LEFT
181,233,288,227,0.23529411764705882,0.3157894736842105,LEFT
181,233,288,227,0.23529411764705882,0.35,LEFT
181,233,288,227,0.2549019607843137,0.35,LEFT
181,233,288,227,0.2549019607843137,0.35,LEFT
181,233,288,227,0.2549019607843137,0.35,LEFT
181,233,288,227,0.2549019607843137,0.35,LEFT
181,233,288,227,0.2549019607843137,0.35,LEFT
182,234,288,227,0.27450980392156865,0.34210526315789475,LEFT
182,234,288,228,0.28,0.3333333333333333,LEFT
182,234,288,228,0.28,0.3157894736842105,LEFT
182,235,289,228,0.28,0.34210526315789475,LEFT
183,235,289,228,0.3,0.3055555555555556,CENTER
183,235,289,228,0.3,0.3055555555555556,CENTER
183,235,289,228,0.3,0.2894736842105263,TOP
183,235,289,228,0.3,0.2894736842105263,TOP
183,235,289,229,0.3137254901960784,0.35,CENTER
183,235,289,229,0.3137254901960784,0.35,CENTER
183,235,289,229,0.32,0.35,CENTER
183,235,289,229,0.32,0.35,CENTER
182,235,289,229,0.3,0.35,CENTER
182,235,288,229,0.3,0.35,CENTER
182,235,288,229,0.3,0.35,CENTER
182,235,288,229,0.3,0.3684210526315789,CENTER
182,234,288,229,0.3,0.34210526315789475,CENTER
182,234,288,229,0.3,0.34210526315789475,CENTER
182,234,288,229,0.3,0.34210526315789475,CENTER
181,234,288,229,0.28,0.375,LEFT
181,234,288,229,0.28,0.375,LEFT
181,234,288,229,0.28,0.375,LEFT
181,234,287,228,0.28,0.35,LEFT
181,234,287,228,0.28,0.35,LEFT
181,234,287,228,0.29411764705882354,0.35,LEFT
180,234,287,228,0.28,0.35,LEFT
180,234,287,228,0.28,0.35,LEFT
180,234,286,228,0.28,0.35,LEFT
179,234,286,228,0.26,0.35,LEFT
179,234,286,228,0.27450980392156865,0.35,LEFT
179,234,286,228,0.27450980392156865,0.38095238095238093,LEFT
179,234,286,228,0.27450980392156865,0.4,LEFT
179,233,286,228,0.27450980392156865,0.375,LEFT
179,233,285,228,0.28,0.375,LEFT
178,233,285,228,0.26,0.375,LEFT
178,233,285,228,0.26,0.375,LEFT
178,233,285,227,0.26,0.35,LEFT
178,233,285,227,0.26,0.35,LEFT
178,233,285,227,0.26,0.35,LEFT
178,233,285,227,0.26,0.35,LEFT
178,233,285,227,0.26,0.35,LEFT
178,233,285,227,0.26,0.3684210526315789,LEFT
178,233,285,227,0.26,0.3684210526315789,LEFT
178,233,284,227,0.26,0.3684210526315789,LEFT
178,233,284,227,0.27450980392156865,0.4,LEFT
177,233,284,227,0.2549019607843137,0.4,LEFT
177,232,284,227,0.2549019607843137,0.375,LEFT
177,233,284,227,0.2549019607843137,0.4,LEFT
177,232,284,227,0.26,0.375,LEFT
177,232,284,227,0.26,0.375,LEFT
177,232,284,227,0.26,0.375,LEFT
177,232,284,227,0.26,0.375,LEFT
177,232,284,227,0.26,0.375,LEFT
177,232,284,227,0.27450980392156865,0.375,LEFT
177,232,284,227,0.27450980392156865,0.375,LEFT
177,232,284,227,0.27450980392156865,0.375,LEFT
177,232,284,227,0.27450980392156865,0.375,LEFT
177,232,284,227,0.27450980392156865,0.375,LEFT
177,232,284,227,0.27450980392156865,0.375,LEFT
177,232,284,227,0.27450980392156865,0.375,LEFT
177,232,284,227,0.27450980392156865,0.375,LEFT
177,232,284,227,0.27450980392156865,0.375,LEFT
177,232,284,227,0.27450980392156865,0.375,LEFT
177,232,284,227,0.27450980392156865,0.375,LEFT
177,232,285,227,0.27450980392156865,0.375,LEFT
177,232,285,227,0.27450980392156865,0.375,LEFT
177,232,285,227,0.27450980392156865,0.375,LEFT
177,232,285,227,0.27450980392156865,0.375,LEFT
177,232,285,227,0.27450980392156865,0.375,LEFT
177,232,285,227,0.27450980392156865,0.375,LEFT
177,232,285,227,0.27450980392156865,0.375,LEFT
177,232,285,227,0.27450980392156865,0.375,LEFT
177,232,285,227,0.27450980392156865,0.375,LEFT
177,232,285,227,0.27450980392156865,0.375,LEFT
178,232,285,227,0.29411764705882354,0.375,LEFT
178,232,285,227,0.29411764705882354,0.375,LEFT
178,232,285,227,0.29411764705882354,0.375,LEFT
177,232,285,227,0.27450980392156865,0.375,LEFT
177,232,285,227,0.27450980392156865,0.39473684210526316,LEFT
177,232,285,227,0.27450980392156865,0.39473684210526316,LEFT
178,232,285,227,0.29411764705882354,0.39473684210526316,LEFT
178,232,285,227,0.28,0.39473684210526316,LEFT
178,232,285,227,0.28,0.375,LEFT
178,232,285,227,0.28,0.375,LEFT
178,232,285,227,0.28,0.375,LEFT
178,232,285,227,0.28,0.34210526315789475,LEFT
178,232,285,227,0.28,0.34210526315789475,LEFT
178,233,286,227,0.28,0.3684210526315789,LEFT
178,233,286,227,0.28,0.3684210526315789,LEFT
179,233,286,227,0.3,0.35,CENTER
180,240,296,236,0.27450980392156865,0.3333333333333333,LEFT
179,239,295,235,0.2549019607843137,0.3333333333333333,LEFT
179,239,295,235,0.2549019607843137,0.3333333333333333,LEFT
179,239,295,235,0.2549019607843137,0.3333333333333333,LEFT
178,239,295,235,0.23529411764705882,0.3333333333333333,LEFT
178,239,295,235,0.23529411764705882,0.3333333333333333,LEFT
178,239,295,235,0.23529411764705882,0.3333333333333333,LEFT
178,239,295,235,0.23529411764705882,0.36363636363636365,LEFT
178,239,295,235,0.23529411764705882,0.36363636363636365,LEFT
178,239,295,235,0.23529411764705882,0.3333333333333333,LEFT
178,239,295,235,0.23529411764705882,0.3333333333333333,LEFT
178,239,295,235,0.23529411764705882,0.3333333333333333,LEFT
178,239,295,235,0.23529411764705882,0.3333333333333333,LEFT
227,248,355,269,0.2631578947368421,0.78,BOTTOM_LEFT
227,249,355,270,0.2631578947368421,0.8125,BOTTOM_LEFT
227,249,356,270,0.2631578947368421,0.8125,BOTTOM_LEFT
227,249,355,269,0.27586206896551724,0.7916666666666666,BOTTOM_LEFT
226,249,355,269,0.2631578947368421,0.8,BOTTOM_LEFT
226,248,355,269,0.2631578947368421,0.78,BOTTOM_LEFT
226,248,355,268,0.2631578947368421,0.7916666666666666,BOTTOM_LEFT
226,248,355,268,0.26785714285714285,0.7916666666666666,BOTTOM_LEFT
226,248,355,268,0.2807017543859649,0.7916666666666666,BOTTOM_LEFT
226,248,355,268,0.2807017543859649,0.7916666666666666,BOTTOM_LEFT
226,248,355,268,0.2807017543859649,0.8,BOTTOM_LEFT
226,248,355,268,0.2807017543859649,0.8,BOTTOM_LEFT
226,248,355,268,0.2807017543859649,0.8,BOTTOM_LEFT
226,248,355,268,0.2807017543859649,0.8333333333333334,BOTTOM_LEFT
226,248,355,268,0.2807017543859649,0.8333333333333334,BOTTOM_LEFT
226,248,355,268,0.2807017543859649,0.8333333333333334,BOTTOM_LEFT
226,248,355,268,0.2807017543859649,0.8333333333333334,BOTTOM_LEFT
225,248,355,268,0.2631578947368421,0.8333333333333334,BOTTOM_LEFT
225,248,355,267,0.2631578947368421,0.8125,BOTTOM_LEFT
225,248,355,267,0.2631578947368421,0.8125,BOTTOM_LEFT
225,248,355,267,0.27586206896551724,0.8125,BOTTOM_LEFT
225,247,355,267,0.27586206896551724,0.7916666666666666,BOTTOM_LEFT
225,247,355,267,0.27586206896551724,0.7916666666666666,BOTTOM_LEFT
225,247,355,267,0.27586206896551724,0.7916666666666666,BOTTOM_LEFT
225,247,355,267,0.2807017543859649,0.7916666666666666,BOTTOM_LEFT
224,247,355,267,0.2631578947368421,0.7916666666666666,BOTTOM_LEFT
224,247,355,267,0.2631578947368421,0.7916666666666666,BOTTOM_LEFT
224,247,355,267,0.25862068965517243,0.7916666666666666,BOTTOM_LEFT
225,247,355,268,0.2631578947368421,0.8125,BOTTOM_LEFT
225,247,356,268,0.2631578947368421,0.8125,BOTTOM_LEFT
225,247,356,268,0.2631578947368421,0.82,BOTTOM_LEFT
225,247,356,268,0.2631578947368421,0.82,BOTTOM_LEFT
225,247,356,268,0.2631578947368421,0.8541666666666666,BOTTOM_LEFT
226,247,356,268,0.2807017543859649,0.8541666666666666,BOTTOM_LEFT
226,247,356,268,0.2807017543859649,0.8541666666666666,BOTTOM_LEFT
226,247,356,268,0.2807017543859649,0.8541666666666666,BOTTOM_LEFT
226,247,356,268,0.2807017543859649,0.8541666666666666,BOTTOM_LEFT
226,247,356,268,0.2807017543859649,0.8541666666666666,BOTTOM_LEFT
225,247,356,268,0.2631578947368421,0.8478260869565217,BOTTOM_LEFT
225,247,356,269,0.2631578947368421,0.8695652173913043,BOTTOM_LEFT
225,247,356,269,0.26785714285714285,0.8333333333333334,BOTTOM_LEFT
225,247,356,269,0.26785714285714285,0.8333333333333334,BOTTOM_LEFT
225,247,356,269,0.26785714285714285,0.8333333333333334,BOTTOM_LEFT
225,248,356,269,0.2807017543859649,0.8541666666666666,BOTTOM_LEFT
225,248,356,269,0.2807017543859649,0.8541666666666666,BOTTOM_LEFT
225,248,356,270,0.2807017543859649,0.8695652173913043,BOTTOM_LEFT
225,248,356,270,0.2807017543859649,0.8333333333333334,BOTTOM_LEFT
225,248,356,270,0.2807017543859649,0.8333333333333334,BOTTOM_LEFT
225,249,356,270,0.2807017543859649,0.8541666666666666,BOTTOM_LEFT
225,249,356,271,0.27586206896551724,0.875,BOTTOM_LEFT
225,249,356,271,0.27586206896551724,0.8695652173913043,BOTTOM_LEFT
225,249,356,271,0.27586206896551724,0.8333333333333334,BOTTOM_LEFT
225,249,356,271,0.27586206896551724,0.8333333333333334,BOTTOM_LEFT
225,249,356,271,0.2631578947368421,0.8333333333333334,BOTTOM_LEFT
225,249,356,270,0.2631578947368421,0.8125,BOTTOM_LEFT
225,249,356,270,0.2631578947368421,0.8125,BOTTOM_LEFT
225,249,356,270,0.2631578947368421,0.8125,BOTTOM_LEFT
225,249,356,270,0.2631578947368421,0.8125,BOTTOM_LEFT
225,249,356,269,0.2631578947368421,0.8333333333333334,BOTTOM_LEFT
225,249,356,269,0.2631578947368421,0.8333333333333334,BOTTOM_LEFT
225,249,355,269,0.2631578947368421,0.8333333333333334,BOTTOM_LEFT
225,248,355,269,0.27586206896551724,0.8125,BOTTOM_LEFT
224,248,355,269,0.25862068965517243,0.8125,BOTTOM_LEFT
224,248,355,269,0.2631578947368421,0.8125,BOTTOM_LEFT
224,248,355,268,0.2631578947368421,0.8260869565217391,BOTTOM_LEFT
224,248,355,268,0.2631578947368421,0.8333333333333334,BOTTOM_LEFT
223,248,354,267,0.25862068965517243,0.8125,BOTTOM_LEFT
223,247,354,267,0.2631578947368421,0.7916666666666666,BOTTOM_LEFT
223,247,354,266,0.2631578947368421,0.7708333333333334,BOTTOM_LEFT
222,247,353,266,0.2631578947368421,0.8043478260869565,BOTTOM_LEFT
222,247,352,266,0.2631578947368421,0.8125,BOTTOM_LEFT
221,247,352,266,0.2631578947368421,0.8125,BOTTOM_LEFT
221,247,351,266,0.2631578947368421,0.8125,BOTTOM_LEFT
220,246,350,266,0.25,0.7916666666666666,BOTTOM_LEFT
220,246,349,265,0.2631578947368421,0.8043478260869565,BOTTOM_LEFT
220,246,349,265,0.26785714285714285,0.8043478260869565,BOTTOM_LEFT
219,246,348,265,0.25,0.8043478260869565,BOTTOM_LEFT
219,246,348,265,0.2631578947368421,0.8125,BOTTOM_LEFT
219,246,347,264,0.26785714285714285,0.7916666666666666,BOTTOM_LEFT
218,246,347,264,0.25,0.7916666666666666,BOTTOM_LEFT
218,245,347,264,0.25,0.7708333333333334,BOTTOM_LEFT
218,245,347,264,0.26785714285714285,0.8043478260869565,BOTTOM_LEFT
218,245,347,264,0.26785714285714285,0.8043478260869565,BOTTOM_LEFT
218,245,348,263,0.26785714285714285,0.782608695652174,BOTTOM_LEFT
218,245,348,263,0.26785714285714285,0.782608695652174,BOTTOM_LEFT
218,245,349,263,0.2631578947368421,0.782608695652174,BOTTOM_LEFT
218,245,349,263,0.2631578947368421,0.7916666666666666,BOTTOM_LEFT
218,245,350,263,0.2631578947368421,0.7916666666666666,BOTTOM_LEFT
219,245,351,263,0.27586206896551724,0.7916666666666666,BOTTOM_LEFT
219,245,351,263,0.2631578947368421,0.7916666666666666,BOTTOM_LEFT
219,244,352,263,0.25862068965517243,0.7708333333333334,BOTTOM_LEFT
220,244,352,262,0.2631578947368421,0.75,BOTTOM_LEFT
220,244,353,262,0.25862068965517243,0.782608695652174,BOTTOM_LEFT
221,244,354,262,0.2631578947368421,0.782608695652174,BOTTOM_LEFT
222,244,355,262,0.27586206896551724,0.782608695652174,BOTTOM_LEFT
223,244,355,262,0.2807017543859649,0.782608695652174,BOTTOM_LEFT
224,244,356,262,0.2807017543859649,0.782608695652174,BOTTOM_LEFT
225,244,357,261,0.2982456140350877,0.7608695652173914,BOTTOM_LEFT
225,244,357,261,0.2857142857142857,0.7608695652173914,BOTTOM_LEFT
226,244,358,261,0.2982456140350877,0.7708333333333334,BOTTOM_LEFT
226,244,358,261,0.2857142857142857,0.7708333333333334,BOTTOM_LEFT
226,244,358,261,0.2857142857142857,0.7708333333333334,BOTTOM_LEFT
227,244,358,261,0.30357142857142855,0.7708333333333334,BOTTOM
227,244,358,260,0.30357142857142855,0.75,BOTTOM
227,244,358,260,0.30357142857142855,0.75,BOTTOM
227,244,358,260,0.2982456140350877,0.782608695652174,BOTTOM_LEFT
227,243,359,260,0.2857142857142857,0.7608695652173914,BOTTOM_LEFT
227,243,359,260,0.2857142857142857,0.7608695652173914,BOTTOM_LEFT
228,243,359,260,0.30357142857142855,0.7608695652173914,BOTTOM
228,243,359,260,0.30357142857142855,0.7608695652173914,BOTTOM
228,243,359,260,0.30357142857142855,0.7608695652173914,BOTTOM
228,243,359,260,0.2982456140350877,0.7608695652173914,BOTTOM_LEFT
228,243,359,260,0.2857142857142857,0.7608695652173914,BOTTOM_LEFT
228,243,359,260,0.2857142857142857,0.7608695652173914,BOTTOM_LEFT
229,243,360,260,0.30357142857142855,0.7608695652173914,BOTTOM
229,243,360,260,0.2857142857142857,0.7608695652173914,BOTTOM_LEFT
230,243,360,260,0.30357142857142855,0.7608695652173914,BOTTOM
230,243,360,261,0.2982456140350877,0.782608695652174,BOTTOM_LEFT
230,243,360,261,0.2857142857142857,0.782608695652174,BOTTOM_LEFT
230,243,360,261,0.2857142857142857,0.782608695652174,BOTTOM_LEFT
231,244,360,261,0.30357142857142855,0.8043478260869565,BOTTOM
231,244,360,262,0.2982456140350877,0.7916666666666666,BOTTOM_LEFT
231,244,360,262,0.2982456140350877,0.782608695652174,BOTTOM_LEFT
231,244,360,262,0.30357142857142855,0.782608695652174,BOTTOM
230,244,360,263,0.2857142857142857,0.8043478260869565,BOTTOM_LEFT
230,244,359,263,0.2857142857142857,0.8043478260869565,BOTTOM_LEFT
230,244,359,263,0.2857142857142857,0.8043478260869565,BOTTOM_LEFT
230,244,359,263,0.2982456140350877,0.8043478260869565,BOTTOM_LEFT
229,244,359,263,0.2807017543859649,0.7954545454545454,BOTTOM_LEFT
229,244,358,263,0.2857142857142857,0.7954545454545454,BOTTOM_LEFT
229,244,358,263,0.2857142857142857,0.7954545454545454,BOTTOM_LEFT
229,244,358,263,0.2857142857142857,0.7954545454545454,BOTTOM_LEFT
229,245,358,263,0.2857142857142857,0.8181818181818182,BOTTOM_LEFT
229,245,358,263,0.2857142857142857,0.8181818181818182,BOTTOM_LEFT
229,245,358,263,0.2807017543859649,0.8181818181818182,BOTTOM_LEFT
230,245,358,263,0.2982456140350877,0.8181818181818182,BOTTOM_LEFT
230,245,358,263,0.2857142857142857,0.8181818181818182,BOTTOM_LEFT
230,245,358,264,0.2807017543859649,0.8409090909090909,BOTTOM_LEFT
231,245,359,264,0.2982456140350877,0.8409090909090909,BOTTOM_LEFT
231,245,359,264,0.2807017543859649,0.8409090909090909,BOTTOM_LEFT
232,245,360,264,0.2982456140350877,0.8043478260869565,BOTTOM_LEFT
232,245,360,264,0.2807017543859649,0.8043478260869565,BOTTOM_LEFT
233,245,360,264,0.2982456140350877,0.8043478260869565,BOTTOM_LEFT
233,245,361,264,0.2807017543859649,0.8043478260869565,BOTTOM_LEFT
233,245,361,264,0.2807017543859649,0.8043478260869565,BOTTOM_LEFT
234,245,361,264,0.2807017543859649,0.8043478260869565,BOTTOM_LEFT
234,245,361,264,0.2807017543859649,0.8043478260869565,BOTTOM_LEFT
234,245,361,264,0.2807017543859649,0.8043478260869565,BOTTOM_LEFT
234,245,361,265,0.2807017543859649,0.8260869565217391,BOTTOM_LEFT
234,245,361,265,0.2807017543859649,0.8260869565217391,BOTTOM_LEFT
234,245,361,265,0.2807017543859649,0.8260869565217391,BOTTOM_LEFT
234,245,361,265,0.2807017543859649,0.8260869565217391,BOTTOM_LEFT
233,245,361,265,0.2807017543859649,0.8260869565217391,BOTTOM_LEFT
233,245,361,265,0.2807017543859649,0.8260869565217391,BOTTOM_LEFT
233,245,361,265,0.2807017543859649,0.8695652173913043,BOTTOM_LEFT
232,245,360,264,0.26785714285714285,0.8478260869565217,BOTTOM_LEFT
232,245,360,264,0.2807017543859649,0.8478260869565217,BOTTOM_LEFT
232,245,360,264,0.2807017543859649,0.8478260869565217,BOTTOM_LEFT
231,245,359,264,0.2631578947368421,0.8478260869565217,BOTTOM_LEFT
231,245,359,264,0.2807017543859649,0.8478260869565217,BOTTOM_LEFT
231,245,359,264,0.2807017543859649,0.8478260869565217,BOTTOM_LEFT
231,245,358,264,0.2807017543859649,0.8478260869565217,BOTTOM_LEFT
230,245,358,263,0.26785714285714285,0.8260869565217391,BOTTOM_LEFT
230,245,358,263,0.2807017543859649,0.8260869565217391,BOTTOM_LEFT
230,245,358,263,0.2807017543859649,0.8260869565217391,BOTTOM_LEFT
229,245,357,263,0.26785714285714285,0.8260869565217391,BOTTOM_LEFT
229,245,357,263,0.26785714285714285,0.8260869565217391,BOTTOM_LEFT
229,245,357,263,0.2807017543859649,0.8260869565217391,BOTTOM_LEFT
229,244,356,263,0.2807017543859649,0.8043478260869565,BOTTOM_LEFT
228,244,356,262,0.26785714285714285,0.782608695652174,BOTTOM_LEFT
228,244,356,262,0.26785714285714285,0.782608695652174,BOTTOM_LEFT
228,244,356,262,0.2807017543859649,0.782608695652174,BOTTOM_LEFT
227,244,356,262,0.2631578947368421,0.782608695652174,BOTTOM_LEFT
227,244,355,262,0.2631578947368421,0.782608695652174,BOTTOM_LEFT
227,244,355,262,0.26785714285714285,0.782608695652174,BOTTOM_LEFT
227,244,355,262,0.2807017543859649,0.782608695652174,BOTTOM_LEFT
227,244,355,262,0.2807017543859649,0.782608695652174,BOTTOM_LEFT
226,244,355,262,0.2631578947368421,0.782608695652174,BOTTOM_LEFT
226,244,354,262,0.26785714285714285,0.782608695652174,BOTTOM_LEFT
226,244,354,262,0.26785714285714285,0.782608695652174,BOTTOM_LEFT
226,244,354,261,0.26785714285714285,0.7608695652173914,BOTTOM_LEFT
226,244,354,261,0.2807017543859649,0.7608695652173914,BOTTOM_LEFT
226,244,354,261,0.2807017543859649,0.7608695652173914,BOTTOM_LEFT
225,244,353,261,0.26785714285714285,0.7608695652173914,BOTTOM_LEFT
225,244,353,261,0.26785714285714285,0.7608695652173914,BOTTOM_LEFT
225,244,353,261,0.26785714285714285,0.7608695652173914,BOTTOM_LEFT
225,244,353,261,0.26785714285714285,0.7608695652173914,BOTTOM_LEFT
225,244,353,261,0.26785714285714285,0.7608695652173914,BOTTOM_LEFT
225,244,353,261,0.2807017543859649,0.7608695652173914,BOTTOM_LEFT
225,244,353,261,0.2807017543859649,0.7608695652173914,BOTTOM_LEFT
225,244,353,261,0.2807017543859649,0.7608695652173914,BOTTOM_LEFT
224,244,353,261,0.2631578947368421,0.7608695652173914,BOTTOM_LEFT
224,244,353,261,0.2631578947368421,0.7608695652173914,BOTTOM_LEFT
224,244,353,261,0.2631578947368421,0.7608695652173914,BOTTOM_LEFT
224,244,353,261,0.2631578947368421,0.7608695652173914,BOTTOM_LEFT
224,244,353,261,0.26785714285714285,0.7608695652173914,BOTTOM_LEFT
224,244,353,261,0.26785714285714285,0.7608695652173914,BOTTOM_LEFT
224,244,353,261,0.26785714285714285,0.7608695652173914,BOTTOM_LEFT
224,244,353,261,0.26785714285714285,0.7608695652173914,BOTTOM_LEFT
224,244,353,261,0.2631578947368421,0.7708333333333334,BOTTOM_LEFT
224,244,353,261,0.2631578947368421,0.7708333333333334,BOTTOM_LEFT
224,244,353,261,0.2631578947368421,0.7708333333333334,BOTTOM_LEFT
224,244,354,261,0.2631578947368421,0.7708333333333334,BOTTOM_LEFT
224,244,354,261,0.2631578947368421,0.7708333333333334,BOTTOM_LEFT
224,244,354,261,0.2631578947368421,0.7708333333333334,BOTTOM_LEFT
224,244,354,261,0.27586206896551724,0.7708333333333334,BOTTOM_LEFT
224,244,354,261,0.27586206896551724,0.7708333333333334,BOTTOM_LEFT
224,244,354,262,0.27586206896551724,0.7916666666666666,BOTTOM_LEFT
224,244,354,262,0.27586206896551724,0.7916666666666666,BOTTOM_LEFT
224,244,354,262,0.27586206896551724,0.7916666666666666,BOTTOM_LEFT
224,244,354,262,0.2807017543859649,0.7916666666666666,BOTTOM_LEFT
224,244,353,262,0.2807017543859649,0.7916666666666666,BOTTOM_LEFT
224,244,353,262,0.2807017543859649,0.7916666666666666,BOTTOM_LEFT
224,244,353,263,0.2807017543859649,0.8043478260869565,BOTTOM_LEFT
224,244,353,263,0.2807017543859649,0.8043478260869565,BOTTOM_LEFT
223,244,353,263,0.2631578947368421,0.8043478260869565,BOTTOM_LEFT
223,244,353,263,0.2631578947368421,0.8043478260869565,BOTTOM_LEFT
223,244,353,264,0.2631578947368421,0.8260869565217391,BOTTOM_LEFT
223,244,353,264,0.2631578947368421,0.8260869565217391,BOTTOM_LEFT
223,245,353,264,0.2631578947368421,0.8125,BOTTOM_LEFT
223,245,353,264,0.2631578947368421,0.8125,BOTTOM_LEFT
223,245,353,265,0.2631578947368421,0.8260869565217391,BOTTOM_LEFT
223,245,353,265,0.2631578947368421,0.8260869565217391,BOTTOM_LEFT
223,245,353,265,0.2631578947368421,0.8260869565217391,BOTTOM_LEFT
223,245,353,265,0.26785714285714285,0.8260869565217391,BOTTOM_LEFT
223,245,353,265,0.2807017543859649,0.7916666666666666,BOTTOM_LEFT
223,245,353,265,0.2807017543859649,0.7916666666666666,BOTTOM_LEFT
223,246,353,265,0.2807017543859649,0.8125,BOTTOM_LEFT
223,246,353,265,0.2807017543859649,0.8125,BOTTOM_LEFT
223,246,353,266,0.2807017543859649,0.8333333333333334,BOTTOM_LEFT
223,246,353,266,0.2807017543859649,0.8333333333333334,BOTTOM_LEFT
223,246,353,266,0.27586206896551724,0.8333333333333334,BOTTOM_LEFT
223,246,353,266,0.27586206896551724,0.8333333333333334,BOTTOM_LEFT
223,246,354,266,0.27586206896551724,0.8333333333333334,BOTTOM_LEFT
223,246,354,266,0.27586206896551724,0.8333333333333334,BOTTOM_LEFT
223,246,354,266,0.27586206896551724,0.8333333333333334,BOTTOM_LEFT
223,246,354,266,0.27586206896551724,0.8333333333333334,BOTTOM_LEFT
223,246,354,266,0.27586206896551724,0.8333333333333334,BOTTOM_LEFT
223,246,354,266,0.27586206896551724,0.8333333333333334,BOTTOM_LEFT
223,246,354,265,0.27586206896551724,0.8125,BOTTOM_LEFT
223,246,354,265,0.27586206896551724,0.8125,BOTTOM_LEFT
223,246,355,265,0.27586206896551724,0.8125,BOTTOM_LEFT
223,246,355,265,0.27586206896551724,0.8125,BOTTOM_LEFT
223,246,355,265,0.27586206896551724,0.8125,BOTTOM_LEFT
223,246,355,265,0.27586206896551724,0.8125,BOTTOM_LEFT
223,246,355,265,0.27586206896551724,0.8125,BOTTOM_LEFT
223,246,355,265,0.2711864406779661,0.8125,BOTTOM_LEFT
223,246,355,265,0.2711864406779661,0.8125,BOTTOM_LEFT
224,246,355,265,0.27586206896551724,0.8125,BOTTOM_LEFT
224,246,355,265,0.27586206896551724,0.8125,BOTTOM_LEFT
224,246,355,265,0.27586206896551724,0.8125,BOTTOM_LEFT
224,245,355,265,0.27586206896551724,0.7916666666666666,BOTTOM_LEFT
224,245,355,264,0.27586206896551724,0.7708333333333334,BOTTOM_LEFT
224,245,355,264,0.27586206896551724,0.7708333333333334,BOTTOM_LEFT
224,245,355,264,0.27586206896551724,0.7708333333333334,BOTTOM_LEFT
224,245,355,264,0.27586206896551724,0.8043478260869565,BOTTOM_LEFT
224,245,355,264,0.27586206896551724,0.8043478260869565,BOTTOM_LEFT
224,245,355,264,0.27586206896551724,0.8043478260869565,BOTTOM_LEFT
224,245,355,264,0.27586206896551724,0.8043478260869565,BOTTOM_LEFT
224,245,355,264,0.27586206896551724,0.8043478260869565,BOTTOM_LEFT
224,245,355,264,0.27586206896551724,0.8043478260869565,BOTTOM_LEFT
224,245,355,264,0.27586206896551724,0.8043478260869565,BOTTOM_LEFT
224,245,355,264,0.27586206896551724,0.8125,BOTTOM_LEFT
224,245,355,264,0.27586206896551724,0.8125,BOTTOM_LEFT
224,245,355,264,0.27586206896551724,0.8125,BOTTOM_LEFT
224,245,355,264,0.27586206896551724,0.8125,BOTTOM_LEFT
224,245,355,264,0.27586206896551724,0.8125,BOTTOM_LEFT
224,245,355,264,0.27586206896551724,0.8125,BOTTOM_LEFT
224,245,355,264,0.27586206896551724,0.8125,BOTTOM_LEFT
224,245,354,264,0.27586206896551724,0.8125,BOTTOM_LEFT
224,245,354,264,0.27586206896551724,0.8125,BOTTOM_LEFT
224,244,354,264,0.27586206896551724,0.7916666666666666,BOTTOM_LEFT
224,244,354,264,0.27586206896551724,0.7916666666666666,BOTTOM_LEFT
224,244,354,264,0.27586206896551724,0.7916666666666666,BOTTOM_LEFT
224,244,354,264,0.27586206896551724,0.8,BOTTOM_LEFT
224,244,354,264,0.27586206896551724,0.8333333333333334,BOTTOM_LEFT
224,244,354,264,0.27586206896551724,0.8333333333333334,BOTTOM_LEFT
224,244,354,263,0.27586206896551724,0.8125,BOTTOM_LEFT
224,244,354,263,0.27586206896551724,0.8125,BOTTOM_LEFT
224,243,354,263,0.27586206896551724,0.7916666666666666,BOTTOM_LEFT
224,243,354,263,0.27586206896551724,0.8,BOTTOM_LEFT
224,243,354,263,0.27586206896551724,0.8333333333333334,BOTTOM_LEFT
224,243,354,263,0.27586206896551724,0.8333333333333334,BOTTOM_LEFT
224,242,354,263,0.27586206896551724,0.8125,BOTTOM_LEFT
224,242,354,263,0.27586206896551724,0.82,BOTTOM_LEFT
224,242,354,263,0.27586206896551724,0.82,BOTTOM_LEFT
224,242,354,263,0.27586206896551724,0.82,BOTTOM_LEFT
224,242,354,263,0.27586206896551724,0.8541666666666666,BOTTOM_LEFT
224,242,354,262,0.27586206896551724,0.8333333333333334,BOTTOM_LEFT
224,241,354,262,0.27586206896551724,0.82,BOTTOM_LEFT
224,241,353,262,0.27586206896551724,0.82,BOTTOM_LEFT
224,241,353,262,0.27586206896551724,0.82,BOTTOM_LEFT
224,241,353,262,0.27586206896551724,0.82,BOTTOM_LEFT
224,241,353,262,0.27586206896551724,0.82,BOTTOM_LEFT
224,241,353,262,0.27586206896551724,0.82,BOTTOM_LEFT
224,241,353,262,0.27586206896551724,0.82,BOTTOM_LEFT
224,240,353,262,0.27586206896551724,0.84,BOTTOM_LEFT
224,240,353,261,0.2807017543859649,0.82,BOTTOM_LEFT
224,240,353,261,0.2807017543859649,0.82,BOTTOM_LEFT
224,239,353,261,0.2807017543859649,0.84,BOTTOM_LEFT
224,239,353,260,0.2807017543859649,0.82,BOTTOM_LEFT
224,239,353,260,0.2807017543859649,0.82,BOTTOM_LEFT
224,238,353,260,0.2807017543859649,0.8333333333333334,BOTTOM_LEFT
224,238,353,260,0.2807017543859649,0.84,BOTTOM_LEFT
224,238,353,259,0.2807017543859649,0.82,BOTTOM_LEFT
224,237,353,259,0.2807017543859649,0.8,BOTTOM_LEFT
224,237,353,259,0.2807017543859649,0.8333333333333334,BOTTOM_LEFT
224,237,353,258,0.2807017543859649,0.82,BOTTOM_LEFT
224,237,353,258,0.2807017543859649,0.82,BOTTOM_LEFT
224,236,353,258,0.2807017543859649,0.8,BOTTOM_LEFT
224,236,353,258,0.2807017543859649,0.8333333333333334,BOTTOM_LEFT
224,236,353,258,0.2807017543859649,0.8333333333333334,BOTTOM_LEFT
223,236,353,257,0.2631578947368421,0.82,BOTTOM_LEFT
223,236,353,257,0.2631578947368421,0.82,BOTTOM_LEFT
223,236,353,257,0.2631578947368421,0.82,BOTTOM_LEFT
223,235,353,257,0.2631578947368421,0.8,BOTTOM_LEFT
223,235,353,257,0.2631578947368421,0.8,BOTTOM_LEFT
223,235,353,257,0.2631578947368421,0.8,BOTTOM_LEFT
223,235,353,257,0.2631578947368421,0.8,BOTTOM_LEFT
223,235,352,256,0.2631578947368421,0.8125,BOTTOM_LEFT
223,235,352,256,0.2631578947368421,0.8125,BOTTOM_LEFT
223,235,352,256,0.2631578947368421,0.82,BOTTOM_LEFT
223,235,352,256,0.2631578947368421,0.82,BOTTOM_LEFT
223,235,352,256,0.2807017543859649,0.82,BOTTOM_LEFT
223,234,352,255,0.2807017543859649,0.78,BOTTOM_LEFT
223,234,351,255,0.2807017543859649,0.8125,BOTTOM_LEFT
223,234,351,254,0.2807017543859649,0.8,BOTTOM_LEFT
223,233,351,254,0.2807017543859649,0.8125,BOTTOM_LEFT
223,233,350,253,0.2807017543859649,0.8,BOTTOM_LEFT
222,232,350,253,0.2631578947368421,0.8125,BOTTOM_LEFT
222,232,350,252,0.26785714285714285,0.8,BOTTOM_LEFT
222,231,349,252,0.26785714285714285,0.8125,BOTTOM_LEFT
221,231,349,251,0.25,0.7916666666666666,BOTTOM_LEFT
221,231,348,251,0.26785714285714285,0.7916666666666666,BOTTOM_LEFT
221,231,348,251,0.26785714285714285,0.7916666666666666,BOTTOM_LEFT
220,231,347,251,0.25,0.8333333333333334,BOTTOM_LEFT
220,231,347,251,0.2545454545454545,0.8333333333333334,BOTTOM_LEFT
220,231,346,251,0.26785714285714285,0.8333333333333334,BOTTOM_LEFT
219,231,346,251,0.25,0.8333333333333334,BOTTOM_LEFT
219,231,346,251,0.2545454545454545,0.8333333333333334,BOTTOM_LEFT
219,231,346,251,0.2545454545454545,0.8260869565217391,BOTTOM_LEFT
219,231,346,251,0.2545454545454545,0.8260869565217391,BOTTOM_LEFT
219,231,346,251,0.2545454545454545,0.8260869565217391,BOTTOM_LEFT
219,231,346,251,0.2545454545454545,0.7916666666666666,BOTTOM_LEFT
219,231,346,251,0.26785714285714285,0.7916666666666666,BOTTOM_LEFT
219,231,346,251,0.26785714285714285,0.7916666666666666,BOTTOM_LEFT
219,232,346,251,0.26785714285714285,0.8125,BOTTOM_LEFT
219,232,346,251,0.26785714285714285,0.8125,BOTTOM_LEFT
219,232,346,251,0.26785714285714285,0.8125,BOTTOM_LEFT
219,232,346,252,0.26785714285714285,0.8333333333333334,BOTTOM_LEFT
218,232,346,252,0.25,0.8333333333333334,BOTTOM_LEFT
218,232,346,252,0.25,0.8333333333333334,BOTTOM_LEFT
218,232,346,252,0.25,0.8333333333333334,BOTTOM_LEFT
218,232,346,252,0.25,0.8333333333333334,BOTTOM_LEFT
218,232,346,252,0.25,0.8333333333333334,BOTTOM_LEFT
218,232,346,252,0.25,0.8333333333333334,BOTTOM_LEFT
218,232,346,252,0.25,0.8333333333333334,BOTTOM_LEFT
218,232,346,252,0.25,0.8333333333333334,BOTTOM_LEFT
218,232,346,252,0.25,0.8333333333333334,BOTTOM_LEFT
218,232,346,252,0.25,0.8333333333333334,BOTTOM_LEFT
218,232,346,252,0.25,0.8333333333333334,BOTTOM_LEFT
218,232,346,252,0.25,0.8333333333333334,BOTTOM_LEFT
218,232,346,252,0.25,0.8333333333333334,BOTTOM_LEFT
218,232,346,252,0.25,0.8333333333333334,BOTTOM_LEFT
218,232,346,252,0.25,0.8333333333333334,BOTTOM_LEFT
218,232,346,252,0.25,0.8333333333333334,BOTTOM_LEFT
218,232,346,252,0.25,0.8333333333333334,BOTTOM_LEFT
218,232,346,252,0.25,0.8333333333333334,BOTTOM_LEFT
218,232,346,252,0.2631578947368421,0.8,BOTTOM_LEFT
218,232,346,252,0.2631578947368421,0.8,BOTTOM_LEFT
218,232,346,252,0.2631578947368421,0.8,BOTTOM_LEFT
218,232,346,252,0.2631578947368421,0.8,BOTTOM_LEFT
218,232,346,252,0.2631578947368421,0.7916666666666666,BOTTOM_LEFT
217,232,346,252,0.24561403508771928,0.7916666666666666,BOTTOM_LEFT
217,233,346,252,0.24561403508771928,0.8125,BOTTOM_LEFT
217,233,346,252,0.25,0.8125,BOTTOM_LEFT
217,233,345,252,0.25,0.8125,BOTTOM_LEFT
217,232,345,252,0.2631578947368421,0.7916666666666666,BOTTOM_LEFT
216,232,344,251,0.24561403508771928,0.8125,BOTTOM_LEFT
216,232,343,250,0.2631578947368421,0.7916666666666666,BOTTOM_LEFT
215,231,341,248,0.2545454545454545,0.8043478260869565,BOTTOM_LEFT
214,229,338,245,0.2727272727272727,0.782608695652174,BOTTOM_LEFT
151,229,255,234,0.7346938775510204,0.6944444444444444,RIGHT
153,232,257,236,0.74,0.7058823529411765,BOTTOM_RIGHT
153,232,257,236,0.74,0.6875,RIGHT
153,232,257,236,0.74,0.6875,RIGHT
153,232,257,236,0.7346938775510204,0.6875,RIGHT
153,232,257,236,0.7346938775510204,0.6875,RIGHT
153,232,257,237,0.7346938775510204,0.71875,BOTTOM_RIGHT
153,232,257,237,0.7346938775510204,0.71875,BOTTOM_RIGHT
153,233,257,237,0.7346938775510204,0.75,BOTTOM_RIGHT
153,233,257,237,0.7346938775510204,0.75,BOTTOM_RIGHT
153,233,257,237,0.7346938775510204,0.6875,RIGHT
153,233,257,237,0.7346938775510204,0.6875,RIGHT
153,233,257,237,0.7346938775510204,0.6875,RIGHT
153,233,257,237,0.7346938775510204,0.6875,RIGHT
153,233,257,237,0.7346938775510204,0.6875,RIGHT
153,233,257,237,0.7346938775510204,0.6875,RIGHT
153,233,257,237,0.7346938775510204,0.6875,RIGHT
153,233,258,237,0.7346938775510204,0.6875,RIGHT
161,228,266,232,0.72,0.7333333333333333,BOTTOM_RIGHT
161,221,265,225,0.7346938775510204,0.6923076923076923,RIGHT
157,220,264,223,0.6875,0.6538461538461539,CENTER
157,220,264,223,0.6875,0.5769230769230769,CENTER
157,220,264,223,0.6875,0.5769230769230769,CENTER
171,223,276,229,0.7551020408163265,0.7368421052631579,BOTTOM_RIGHT
173,215,276,223,0.7291666666666666,0.8235294117647058,BOTTOM_RIGHT
173,215,276,223,0.75,0.8235294117647058,BOTTOM_RIGHT
173,215,275,224,0.7551020408163265,0.8055555555555556,BOTTOM_RIGHT
172,215,275,223,0.7346938775510204,0.8235294117647058,BOTTOM_RIGHT
172,215,275,223,0.7551020408163265,0.8235294117647058,BOTTOM_RIGHT
172,215,275,223,0.7551020408163265,0.8235294117647058,BOTTOM_RIGHT
171,215,275,223,0.74,0.8235294117647058,BOTTOM_RIGHT
171,215,275,223,0.7551020408163265,0.8235294117647058,BOTTOM_RIGHT
171,215,275,223,0.7551020408163265,0.8235294117647058,BOTTOM_RIGHT
170,215,275,223,0.74,0.8235294117647058,BOTTOM_RIGHT
170,215,275,223,0.74,0.8235294117647058,BOTTOM_RIGHT
170,215,275,223,0.7551020408163265,0.8235294117647058,BOTTOM_RIGHT
170,215,275,223,0.7551020408163265,0.8235294117647058,BOTTOM_RIGHT
170,215,275,223,0.76,0.8235294117647058,BOTTOM_RIGHT
169,215,275,223,0.74,0.8235294117647058,BOTTOM_RIGHT
169,215,275,223,0.74,0.8235294117647058,BOTTOM_RIGHT
169,215,275,223,0.74,0.8235294117647058,BOTTOM_RIGHT
169,215,275,223,0.74,0.8235294117647058,BOTTOM_RIGHT
169,215,275,223,0.7346938775510204,0.8235294117647058,BOTTOM_RIGHT
169,215,275,223,0.7346938775510204,0.8235294117647058,BOTTOM_RIGHT
170,215,275,224,0.7551020408163265,0.8529411764705882,BOTTOM_RIGHT
170,215,275,224,0.7551020408163265,0.8529411764705882,BOTTOM_RIGHT
170,215,275,224,0.7551020408163265,0.8529411764705882,BOTTOM_RIGHT
170,215,275,224,0.7551020408163265,0.8529411764705882,BOTTOM_RIGHT
170,215,275,224,0.7551020408163265,0.8529411764705882,BOTTOM_RIGHT
170,215,275,224,0.7551020408163265,0.8529411764705882,BOTTOM_RIGHT
170,215,275,224,0.7551020408163265,0.8529411764705882,BOTTOM_RIGHT
170,215,275,223,0.76,0.8235294117647058,BOTTOM_RIGHT
170,215,275,223,0.76,0.8235294117647058,BOTTOM_RIGHT
170,215,275,223,0.76,0.8235294117647058,BOTTOM_RIGHT
170,215,275,223,0.76,0.8235294117647058,BOTTOM_RIGHT
170,215,275,223,0.76,0.875,BOTTOM_RIGHT
170,214,275,223,0.76,0.84375,BOTTOM_RIGHT
170,214,275,223,0.76,0.84375,BOTTOM_RIGHT
170,214,275,223,0.76,0.84375,BOTTOM_RIGHT
170,214,275,223,0.76,0.84375,BOTTOM_RIGHT
170,214,275,223,0.76,0.84375,BOTTOM_RIGHT
170,214,275,223,0.76,0.8529411764705882,BOTTOM_RIGHT
170,214,275,223,0.7551020408163265,0.84375,BOTTOM_RIGHT
170,214,275,223,0.7551020408163265,0.8529411764705882,BOTTOM_RIGHT
170,214,275,222,0.7551020408163265,0.875,BOTTOM_RIGHT
170,213,275,222,0.7346938775510204,0.84375,BOTTOM_RIGHT
171,213,276,222,0.7551020408163265,0.90625,BOTTOM_RIGHT
171,212,276,221,0.75,0.84375,BOTTOM_RIGHT
171,212,276,221,0.7346938775510204,0.84375,BOTTOM_RIGHT
172,212,276,221,0.7551020408163265,0.8529411764705882,BOTTOM_RIGHT
172,212,277,221,0.7551020408163265,0.8529411764705882,BOTTOM_RIGHT
172,211,277,220,0.7551020408163265,0.8529411764705882,BOTTOM_RIGHT
172,211,277,220,0.7551020408163265,0.8529411764705882,BOTTOM_RIGHT
172,210,277,219,0.7551020408163265,0.84375,BOTTOM_RIGHT
172,210,277,219,0.76,0.8529411764705882,BOTTOM_RIGHT
172,210,277,219,0.76,0.8529411764705882,BOTTOM_RIGHT
172,210,277,218,0.76,0.8235294117647058,BOTTOM_RIGHT
171,210,277,218,0.7450980392156863,0.8235294117647058,BOTTOM_RIGHT
167,209,277,217,0.75,0.875,BOTTOM_RIGHT
154,211,269,216,0.76,0.7666666666666667,BOTTOM_RIGHT
149,212,261,216,0.7254901960784313,0.625,RIGHT
149,212,261,216,0.7254901960784313,0.6875,RIGHT
141,212,254,215,0.5,0.6538461538461539,CENTER
287,206,369,232,0.27906976744186046,1,BOTTOM_LEFT
298,207,378,236,0.2926829268292683,1,BOTTOM_LEFT
298,207,378,235,0.2926829268292683,1,BOTTOM_LEFT
298,207,378,235,0.2926829268292683,1,BOTTOM_LEFT
298,207,378,235,0.2926829268292683,1,BOTTOM_LEFT
298,207,378,235,0.2926829268292683,1,BOTTOM_LEFT
298,207,378,235,0.2926829268292683,1,BOTTOM_LEFT
298,207,378,235,0.2926829268292683,1,BOTTOM_LEFT
298,207,378,236,0.2926829268292683,1,BOTTOM_LEFT
298,207,378,235,0.2926829268292683,1,BOTTOM_LEFT
298,207,378,236,0.2926829268292683,1,BOTTOM_LEFT
299,207,378,235,0.3170731707317073,1,BOTTOM
299,207,378,235,0.3170731707317073,1,BOTTOM
298,207,378,235,0.2926829268292683,1,BOTTOM_LEFT
298,207,378,235,0.2926829268292683,1,BOTTOM_LEFT
298,207,378,235,0.2926829268292683,1,BOTTOM_LEFT
298,207,378,235,0.2926829268292683,1,BOTTOM_LEFT
298,207,378,235,0.2926829268292683,1,BOTTOM_LEFT
298,207,378,235,0.30952380952380953,1,BOTTOM
298,207,378,235,0.30952380952380953,1,BOTTOM
298,207,378,235,0.3170731707317073,1,BOTTOM
298,207,378,235,0.3170731707317073,1,BOTTOM
298,207,378,235,0.3170731707317073,1,BOTTOM
298,207,378,235,0.3170731707317073,1,BOTTOM
298,207,378,236,0.3170731707317073,1,BOTTOM
298,207,378,236,0.3170731707317073,1,BOTTOM
298,207,378,236,0.3170731707317073,1,BOTTOM
298,207,378,236,0.3170731707317073,1,BOTTOM
297,207,378,236,0.2926829268292683,1,BOTTOM_LEFT
297,207,378,236,0.2926829268292683,1,BOTTOM_LEFT
297,207,378,236,0.2926829268292683,1,BOTTOM_LEFT
297,207,378,236,0.2926829268292683,1,BOTTOM_LEFT
297,207,378,236,0.2926829268292683,1,BOTTOM_LEFT
294,207,375,235,0.2926829268292683,1,BOTTOM_LEFT
293,208,375,236,0.2857142857142857,1,BOTTOM_LEFT
293,208,375,236,0.2857142857142857,1,BOTTOM_LEFT
293,208,375,236,0.2857142857142857,1,BOTTOM_LEFT
293,208,375,236,0.2857142857142857,1,BOTTOM_LEFT
276,206,356,231,0.2926829268292683,1,BOTTOM_LEFT
276,207,356,231,0.3,1,BOTTOM
276,207,356,231,0.3,1,BOTTOM
276,207,356,231,0.3,1,BOTTOM
276,207,356,231,0.3,1,BOTTOM
276,207,356,230,0.3,1,BOTTOM
276,207,356,230,0.3,1,BOTTOM
276,207,356,230,0.3,1,BOTTOM
276,207,356,230,0.3,1,BOTTOM
276,207,356,230,0.3,1,BOTTOM
276,207,356,230,0.3,1,BOTTOM
278,207,357,231,0.3170731707317073,1,BOTTOM
279,207,358,231,0.3,1,BOTTOM
279,207,358,231,0.3,1,BOTTOM
279,207,358,231,0.3,1,BOTTOM
279,207,358,231,0.3,1,BOTTOM
279,207,358,231,0.3,1,BOTTOM
279,207,358,231,0.3,1,BOTTOM
279,207,358,231,0.3,1,BOTTOM
277,207,357,231,0.3,1,BOTTOM
276,208,355,231,0.3170731707317073,1,BOTTOM
276,208,355,231,0.3170731707317073,1,BOTTOM
261,171,338,170,0.7058823529411765,0.4642857142857143,RIGHT
261,172,338,170,0.7058823529411765,0.4666666666666667,RIGHT
261,172,338,171,0.7058823529411765,0.4642857142857143,RIGHT
261,172,338,171,0.7058823529411765,0.4642857142857143,RIGHT
261,172,338,171,0.7058823529411765,0.4642857142857143,RIGHT
261,172,338,171,0.7058823529411765,0.4642857142857143,RIGHT
261,172,338,171,0.7058823529411765,0.4642857142857143,RIGHT
261,172,338,171,0.7058823529411765,0.4642857142857143,RIGHT
261,172,338,171,0.7058823529411765,0.4642857142857143,RIGHT
261,172,338,171,0.7058823529411765,0.4642857142857143,RIGHT
261,172,338,171,0.7058823529411765,0.4642857142857143,RIGHT
261,172,338,171,0.7058823529411765,0.4642857142857143,RIGHT
261,172,338,171,0.7058823529411765,0.4642857142857143,RIGHT
261,172,338,171,0.7058823529411765,0.4642857142857143,RIGHT
261,172,338,171,0.7058823529411765,0.4642857142857143,RIGHT
260,172,338,171,0.6764705882352942,0.4642857142857143,CENTER
260,172,338,171,0.6764705882352942,0.4642857142857143,CENTER
260,172,338,171,0.6764705882352942,0.4642857142857143,CENTER
260,172,338,171,0.6764705882352942,0.4642857142857143,CENTER
260,172,338,171,0.6764705882352942,0.4642857142857143,CENTER
260,172,338,171,0.6764705882352942,0.4642857142857143,CENTER
260,172,338,171,0.6764705882352942,0.4642857142857143,CENTER
260,172,338,171,0.6764705882352942,0.43333333333333335,CENTER
260,173,338,171,0.6764705882352942,0.4666666666666667,CENTER
260,173,338,171,0.6764705882352942,0.4666666666666667,CENTER
260,173,338,171,0.6764705882352942,0.4666666666666667,CENTER
260,173,338,171,0.6764705882352942,0.42857142857142855,CENTER
261,173,338,171,0.7058823529411765,0.42857142857142855,RIGHT
261,173,338,171,0.7058823529411765,0.42857142857142855,RIGHT
261,173,338,171,0.7058823529411765,0.42857142857142855,RIGHT
261,173,338,171,0.7058823529411765,0.42857142857142855,RIGHT
261,173,338,171,0.7058823529411765,0.42857142857142855,RIGHT
261,173,338,171,0.7058823529411765,0.42857142857142855,RIGHT
261,173,338,171,0.7058823529411765,0.42857142857142855,RIGHT
261,173,338,171,0.7058823529411765,0.42857142857142855,RIGHT
261,173,338,171,0.7058823529411765,0.42857142857142855,RIGHT
261,173,338,171,0.7058823529411765,0.42857142857142855,RIGHT
261,173,338,171,0.7058823529411765,0.42857142857142855,RIGHT
261,173,338,171,0.7058823529411765,0.42857142857142855,RIGHT
261,173,338,171,0.7058823529411765,0.42857142857142855,RIGHT
261,173,338,171,0.7058823529411765,0.42857142857142855,RIGHT
261,173,338,171,0.7058823529411765,0.42857142857142855,RIGHT
261,173,338,171,0.7058823529411765,0.42857142857142855,RIGHT
261,173,338,171,0.7058823529411765,0.42857142857142855,RIGHT
261,173,338,171,0.7058823529411765,0.42857142857142855,RIGHT
261,173,338,171,0.7058823529411765,0.42857142857142855,RIGHT
261,173,338,171,0.7058823529411765,0.42857142857142855,RIGHT
261,173,338,172,0.7058823529411765,0.4642857142857143,RIGHT
261,173,338,172,0.7058823529411765,0.4642857142857143,RIGHT
261,173,338,172,0.7058823529411765,0.4642857142857143,RIGHT
261,173,338,172,0.7058823529411765,0.4642857142857143,RIGHT
261,173,338,172,0.7058823529411765,0.4642857142857143,RIGHT
261,173,338,172,0.7058823529411765,0.4642857142857143,RIGHT
261,173,338,172,0.7058823529411765,0.4642857142857143,RIGHT
261,173,338,172,0.7058823529411765,0.4642857142857143,RIGHT
261,173,338,172,0.7058823529411765,0.4642857142857143,RIGHT
261,173,338,172,0.7058823529411765,0.4642857142857143,RIGHT
261,173,338,172,0.7058823529411765,0.4642857142857143,RIGHT
261,173,338,172,0.7058823529411765,0.4642857142857143,RIGHT
261,173,338,172,0.7058823529411765,0.4642857142857143,RIGHT
261,173,338,172,0.7058823529411765,0.4642857142857143,RIGHT
261,173,338,172,0.7058823529411765,0.4642857142857143,RIGHT
261,173,338,172,0.7058823529411765,0.4642857142857143,RIGHT
261,173,338,172,0.7058823529411765,0.4642857142857143,RIGHT
261,173,338,172,0.7058823529411765,0.4642857142857143,RIGHT
261,173,338,172,0.7058823529411765,0.4230769230769231,RIGHT
261,173,339,172,0.7058823529411765,0.4230769230769231,RIGHT
262,173,339,172,0.7352941176470589,0.4230769230769231,RIGHT
262,173,339,172,0.7272727272727273,0.4230769230769231,RIGHT
262,173,339,172,0.7272727272727273,0.4230769230769231,RIGHT
262,174,339,172,0.7272727272727273,0.46153846153846156,RIGHT
262,174,339,172,0.7272727272727273,0.46153846153846156,RIGHT
262,174,340,172,0.7272727272727273,0.46153846153846156,RIGHT
263,174,340,172,0.7575757575757576,0.46153846153846156,RIGHT
263,174,340,172,0.7272727272727273,0.4166666666666667,RIGHT
263,174,341,172,0.7272727272727273,0.4166666666666667,RIGHT
263,174,341,173,0.7272727272727273,0.4230769230769231,RIGHT
264,174,341,173,0.7352941176470589,0.4230769230769231,RIGHT
264,174,341,173,0.7272727272727273,0.4230769230769231,RIGHT
264,174,342,173,0.7272727272727273,0.4230769230769231,RIGHT
264,174,342,173,0.7272727272727273,0.4230769230769231,RIGHT
265,174,342,173,0.7575757575757576,0.4230769230769231,RIGHT
265,175,342,173,0.7272727272727273,0.46153846153846156,RIGHT
265,175,342,173,0.7272727272727273,0.4166666666666667,RIGHT
265,175,342,173,0.7272727272727273,0.4166666666666667,RIGHT
265,175,343,174,0.7272727272727273,0.4583333333333333,RIGHT
265,175,343,174,0.7272727272727273,0.4583333333333333,RIGHT
265,175,343,174,0.7272727272727273,0.4583333333333333,RIGHT
265,175,343,174,0.7272727272727273,0.4583333333333333,RIGHT
265,175,343,174,0.696969696969697,0.4583333333333333,CENTER
265,175,343,174,0.696969696969697,0.4230769230769231,CENTER
265,175,343,174,0.696969696969697,0.375,CENTER
266,176,343,174,0.7272727272727273,0.4166666666666667,RIGHT
266,176,344,174,0.7272727272727273,0.4166666666666667,RIGHT
266,176,344,175,0.7058823529411765,0.4583333333333333,RIGHT
266,176,344,175,0.696969696969697,0.4583333333333333,CENTER
266,176,344,175,0.696969696969697,0.4583333333333333,CENTER
267,176,345,175,0.7058823529411765,0.4583333333333333,RIGHT
267,176,345,175,0.696969696969697,0.4583333333333333,CENTER
267,176,345,175,0.696969696969697,0.4583333333333333,CENTER
268,176,345,175,0.7058823529411765,0.4583333333333333,RIGHT
268,176,346,175,0.7058823529411765,0.4583333333333333,RIGHT
268,176,346,175,0.696969696969697,0.4583333333333333,CENTER
268,176,346,175,0.696969696969697,0.4583333333333333,CENTER
268,176,346,175,0.6764705882352942,0.4583333333333333,CENTER
269,176,346,175,0.7058823529411765,0.4583333333333333,RIGHT
268,176,346,175,0.6764705882352942,0.4583333333333333,CENTER
253,174,331,174,0.17142857142857143,0.5384615384615384,LEFT
252,173,330,174,0.17142857142857143,0.5,LEFT
252,173,330,174,0.17142857142857143,0.5,LEFT
252,173,330,174,0.17142857142857143,0.5,LEFT
252,173,330,174,0.17142857142857143,0.5,LEFT
252,173,330,174,0.17142857142857143,0.5357142857142857,LEFT
252,173,330,174,0.17142857142857143,0.5357142857142857,LEFT
252,173,330,174,0.17142857142857143,0.5357142857142857,LEFT
252,173,330,174,0.17142857142857143,0.5357142857142857,LEFT
252,173,330,174,0.17142857142857143,0.5357142857142857,LEFT
252,173,330,174,0.16666666666666666,0.5357142857142857,LEFT
252,173,330,174,0.16666666666666666,0.5357142857142857,LEFT
252,172,331,174,0.16666666666666666,0.5,LEFT
252,172,331,174,0.16666666666666666,0.5,LEFT
252,172,331,174,0.16666666666666666,0.5,LEFT
252,172,331,174,0.16666666666666666,0.5,LEFT
252,172,331,174,0.16666666666666666,0.5,LEFT
252,172,331,174,0.16666666666666666,0.5,LEFT
252,172,331,174,0.16666666666666666,0.5,LEFT
252,172,331,174,0.16666666666666666,0.5,LEFT
252,172,331,174,0.16666666666666666,0.5,LEFT
252,172,331,174,0.16666666666666666,0.5,LEFT
252,172,331,174,0.16666666666666666,0.5,LEFT
252,172,331,174,0.16666666666666666,0.5,LEFT
252,172,331,174,0.16666666666666666,0.5,LEFT
252,172,330,174,0.16666666666666666,0.5,LEFT
252,172,330,174,0.16666666666666666,0.5,LEFT
252,172,330,174,0.16666666666666666,0.5,LEFT
252,172,330,174,0.16666666666666666,0.5,LEFT
252,172,330,174,0.16666666666666666,0.5,LEFT
252,172,330,174,0.17142857142857143,0.5,LEFT
252,172,330,174,0.17142857142857143,0.5,LEFT
252,172,330,174,0.17142857142857143,0.5,LEFT
252,172,330,174,0.17142857142857143,0.5,LEFT
252,172,330,174,0.17142857142857143,0.5,LEFT
252,172,330,174,0.19444444444444445,0.5,LEFT
252,172,330,174,0.19444444444444445,0.5333333333333333,LEFT
252,172,330,174,0.19444444444444445,0.5333333333333333,LEFT
252,172,330,174,0.19444444444444445,0.5333333333333333,LEFT
252,172,330,174,0.19444444444444445,0.5333333333333333,LEFT
252,172,330,174,0.19444444444444445,0.5333333333333333,LEFT
252,172,330,174,0.17142857142857143,0.5333333333333333,LEFT
252,172,330,174,0.17142857142857143,0.5333333333333333,LEFT
252,172,330,174,0.17142857142857143,0.5333333333333333,LEFT
252,172,331,174,0.17142857142857143,0.5333333333333333,LEFT
252,172,331,174,0.16666666666666666,0.5333333333333333,LEFT
252,172,331,174,0.16666666666666666,0.5333333333333333,LEFT
252,171,331,174,0.16666666666666666,0.5,LEFT
252,171,331,174,0.16666666666666666,0.5,LEFT
252,171,331,174,0.16666666666666666,0.5,LEFT
253,171,331,174,0.19444444444444445,0.5,LEFT
253,171,331,174,0.19444444444444445,0.5,LEFT
253,171,331,174,0.19444444444444445,0.5,LEFT
253,171,331,174,0.19444444444444445,0.5,LEFT
253,171,331,174,0.19444444444444445,0.5,LEFT
253,171,331,174,0.19444444444444445,0.5,LEFT
253,171,331,174,0.19444444444444445,0.5,LEFT
253,171,331,174,0.19444444444444445,0.5,LEFT
253,171,331,174,0.19444444444444445,0.5,LEFT
253,171,331,174,0.19444444444444445,0.5,LEFT
253,171,331,174,0.19444444444444445,0.5,LEFT
253,171,331,174,0.19444444444444445,0.5,LEFT
253,171,331,174,0.19444444444444445,0.5,LEFT
252,171,331,174,0.16666666666666666,0.5,LEFT
252,171,331,174,0.16666666666666666,0.5,LEFT
252,172,331,174,0.16666666666666666,0.5333333333333333,LEFT
252,172,330,174,0.16666666666666666,0.5333333333333333,LEFT
251,172,330,174,0.1388888888888889,0.5333333333333333,LEFT
251,172,330,174,0.1388888888888889,0.5333333333333333,LEFT
251,172,329,174,0.1388888888888889,0.5333333333333333,LEFT
250,172,329,174,0.1111111111111111,0.5333333333333333,LEFT
250,172,329,174,0.1388888888888889,0.5333333333333333,LEFT
250,172,328,174,0.1388888888888889,0.5333333333333333,LEFT
249,172,328,174,0.1111111111111111,0.5333333333333333,LEFT
249,172,328,174,0.13513513513513514,0.5,LEFT
248,172,327,175,0.1111111111111111,0.5357142857142857,LEFT
248,172,327,175,0.1111111111111111,0.5357142857142857,LEFT
247,172,326,175,0.10810810810810811,0.5357142857142857,LEFT
247,172,326,175,0.1111111111111111,0.5357142857142857,LEFT
247,173,326,175,0.1111111111111111,0.5714285714285714,LEFT
247,173,326,175,0.13513513513513514,0.5333333333333333,LEFT
246,173,325,175,0.10810810810810811,0.5333333333333333,LEFT
246,173,325,175,0.1111111111111111,0.5333333333333333,LEFT
246,173,325,175,0.1111111111111111,0.5333333333333333,LEFT
246,173,325,175,0.1111111111111111,0.5333333333333333,LEFT
246,173,325,175,0.13513513513513514,0.5333333333333333,LEFT
246,173,325,175,0.13513513513513514,0.5333333333333333,LEFT
246,173,325,175,0.1388888888888889,0.5333333333333333,LEFT
246,173,325,175,0.1388888888888889,0.5333333333333333,LEFT
246,173,325,175,0.1388888888888889,0.5,LEFT
246,173,325,175,0.1388888888888889,0.5,LEFT
246,173,325,175,0.1388888888888889,0.5,LEFT
246,174,325,175,0.1388888888888889,0.5357142857142857,LEFT
246,174,325,175,0.16216216216216217,0.5357142857142857,LEFT
246,174,325,175,0.16216216216216217,0.5357142857142857,LEFT
246,174,325,175,0.16216216216216217,0.5357142857142857,LEFT
246,174,325,175,0.16216216216216217,0.5357142857142857,LEFT
246,174,325,175,0.16216216216216217,0.5357142857142857,LEFT
246,174,325,175,0.16216216216216217,0.5,LEFT
246,174,325,176,0.16216216216216217,0.5333333333333333,LEFT
246,174,325,176,0.16216216216216217,0.5333333333333333,LEFT
246,174,325,176,0.16216216216216217,0.5333333333333333,LEFT
246,174,325,176,0.16216216216216217,0.5333333333333333,LEFT
246,174,325,176,0.16216216216216217,0.5333333333333333,LEFT
246,174,325,176,0.16216216216216217,0.5333333333333333,LEFT
247,174,326,176,0.1891891891891892,0.5333333333333333,LEFT
247,174,326,176,0.1891891891891892,0.5333333333333333,LEFT
247,174,326,176,0.1891891891891892,0.5333333333333333,LEFT
247,174,326,176,0.1891891891891892,0.5333333333333333,LEFT
247,174,326,176,0.1891891891891892,0.5333333333333333,LEFT
247,174,326,176,0.1891891891891892,0.5333333333333333,LEFT
247,174,326,176,0.1891891891891892,0.5333333333333333,LEFT
247,174,326,176,0.1891891891891892,0.5333333333333333,LEFT
247,174,326,176,0.1891891891891892,0.5333333333333333,LEFT
247,174,326,176,0.1891891891891892,0.5333333333333333,LEFT
248,174,326,176,0.21621621621621623,0.5333333333333333,LEFT
248,174,326,176,0.21621621621621623,0.5,LEFT
248,174,326,176,0.21621621621621623,0.5,LEFT
248,174,326,176,0.21621621621621623,0.5,LEFT
248,174,326,176,0.21621621621621623,0.5,LEFT
248,174,326,176,0.19444444444444445,0.5,LEFT
248,174,326,176,0.19444444444444445,0.5,LEFT
248,174,327,176,0.19444444444444445,0.5,LEFT
248,174,327,176,0.19444444444444445,0.5,LEFT
248,174,327,176,0.19444444444444445,0.5,LEFT
248,174,327,176,0.19444444444444445,0.5,LEFT
248,174,327,176,0.19444444444444445,0.5,LEFT
249,174,327,176,0.2222222222222222,0.5,LEFT
249,174,327,176,0.2222222222222222,0.5,LEFT
249,174,327,176,0.2222222222222222,0.5,LEFT
248,174,327,176,0.19444444444444445,0.5,LEFT
248,174,327,176,0.19444444444444445,0.5,LEFT
248,174,327,176,0.19444444444444445,0.5,LEFT
248,174,327,176,0.19444444444444445,0.5333333333333333,LEFT
248,174,327,176,0.19444444444444445,0.5333333333333333,LEFT
248,174,327,176,0.19444444444444445,0.5333333333333333,LEFT
249,174,327,176,0.2222222222222222,0.5333333333333333,LEFT
249,174,327,176,0.2222222222222222,0.5333333333333333,LEFT
249,174,327,176,0.2222222222222222,0.5333333333333333,LEFT
249,174,327,176,0.2222222222222222,0.5333333333333333,LEFT
249,174,327,176,0.2222222222222222,0.5333333333333333,LEFT
249,174,327,176,0.2222222222222222,0.5333333333333333,LEFT
249,174,327,176,0.2222222222222222,0.5333333333333333,LEFT
249,174,327,176,0.2222222222222222,0.5333333333333333,LEFT
249,174,327,176,0.2222222222222222,0.5333333333333333,LEFT
249,174,327,176,0.2222222222222222,0.5333333333333333,LEFT
218,292,280,283,0.7619047619047619,0.03571428571428571,TOP_RIGHT
215,292,280,283,0.7391304347826086,0.1,TOP_RIGHT
214,292,279,283,0.6956521739130435,0.09375,TOP
214,292,279,283,0.7083333333333334,0.09375,TOP_RIGHT
214,291,279,283,0.7083333333333334,0.06666666666666667,TOP_RIGHT
213,291,279,283,0.6956521739130435,0.06666666666666667,TOP
213,291,279,283,0.7083333333333334,0.06666666666666667,TOP_RIGHT
213,291,278,283,0.7083333333333334,0.06666666666666667,TOP_RIGHT
212,291,278,283,0.6666666666666666,0.06666666666666667,TOP
212,292,278,283,0.7083333333333334,0.09375,TOP_RIGHT
211,292,277,283,0.68,0.09375,TOP
211,292,277,283,0.7083333333333334,0.09375,TOP_RIGHT
210,292,276,283,0.6666666666666666,0.09375,TOP
210,292,276,283,0.7083333333333334,0.03333333333333333,TOP_RIGHT
209,292,275,284,0.68,0.06666666666666667,TOP
208,293,275,284,0.68,0.09375,TOP
208,293,274,284,0.68,0.03333333333333333,TOP
207,293,274,284,0.68,0.09375,TOP
207,293,274,284,0.68,0.03333333333333333,TOP
207,293,273,284,0.68,0.03333333333333333,TOP
207,293,273,284,0.6923076923076923,0.03333333333333333,TOP
206,293,273,283,0.68,0,TOP
206,293,273,283,0.68,0,TOP
206,293,273,282,0.68,0.03125,TOP
205,292,272,282,0.6538461538461539,0,TOP
205,292,272,281,0.6538461538461539,0,TOP
205,292,272,281,0.68,0.03125,TOP
205,292,272,281,0.68,0.03125,TOP
205,292,272,280,0.68,0,TOP
205,291,272,280,0.68,0,TOP
205,291,272,280,0.68,0,TOP
204,291,272,279,0.64,0,TOP
204,291,271,279,0.64,0,TOP
204,291,271,279,0.6538461538461539,0,TOP
204,292,270,280,0.68,0,TOP
204,292,270,280,0.6538461538461539,0,TOP
204,292,271,280,0.6538461538461539,0,TOP
204,292,271,280,0.6538461538461539,0,TOP
204,291,271,280,0.6538461538461539,0,TOP
204,291,271,280,0.6538461538461539,0,TOP
205,291,271,279,0.6538461538461539,0,TOP
205,291,272,279,0.6538461538461539,0,TOP
205,290,272,279,0.6296296296296297,0,TOP
206,290,273,278,0.6538461538461539,0,TOP
284,190,362,178,0.7297297297297297,0,TOP_RIGHT
281,190,360,178,0.6944444444444444,0,TOP
281,190,360,178,0.6944444444444444,0,TOP
282,190,360,178,0.7222222222222222,0,TOP_RIGHT
282,190,361,178,0.7222222222222222,0,TOP_RIGHT
282,190,361,178,0.7222222222222222,0,TOP_RIGHT
282,190,361,178,0.7222222222222222,0,TOP_RIGHT
282,190,361,178,0.7222222222222222,0,TOP_RIGHT
282,190,361,178,0.7222222222222222,0,TOP_RIGHT
282,190,361,178,0.7222222222222222,0,TOP_RIGHT
282,190,361,178,0.7222222222222222,0,TOP_RIGHT
282,190,361,178,0.7222222222222222,0,TOP_RIGHT
282,190,361,178,0.7222222222222222,0,TOP_RIGHT
282,190,361,178,0.7222222222222222,0,TOP_RIGHT
282,190,361,178,0.7222222222222222,0,TOP_RIGHT
282,190,361,178,0.7222222222222222,0,TOP_RIGHT
282,190,361,178,0.7222222222222222,0,TOP_RIGHT
282,191,361,178,0.7027027027027027,0,TOP_RIGHT
282,191,361,178,0.7027027027027027,0,TOP_RIGHT
282,191,361,178,0.7027027027027027,0,TOP_RIGHT
282,191,361,179,0.6944444444444444,0,TOP
282,191,361,179,0.6944444444444444,0,TOP
282,191,361,179,0.6944444444444444,0,TOP
282,191,362,179,0.6944444444444444,0,TOP
282,191,362,179,0.6944444444444444,0,TOP
283,191,362,179,0.7222222222222222,0,TOP_RIGHT
283,191,362,179,0.7222222222222222,0,TOP_RIGHT
283,191,362,179,0.7222222222222222,0,TOP_RIGHT
283,191,362,179,0.7027027027027027,0,TOP_RIGHT
283,191,362,179,0.7027027027027027,0,TOP_RIGHT
283,191,362,179,0.7027027027027027,0,TOP_RIGHT
283,191,362,179,0.7027027027027027,0,TOP_RIGHT
283,191,362,179,0.6944444444444444,0,TOP
283,191,362,179,0.6944444444444444,0,TOP
283,191,362,179,0.6944444444444444,0,TOP
283,191,362,179,0.6944444444444444,0,TOP
283,191,362,179,0.6944444444444444,0,TOP
283,191,362,179,0.6944444444444444,0,TOP
283,191,362,179,0.6944444444444444,0,TOP
283,191,362,179,0.6944444444444444,0,TOP
283,191,362,179,0.6944444444444444,0,TOP
283,191,362,179,0.6944444444444444,0,TOP
283,191,362,179,0.6944444444444444,0,TOP
283,191,362,179,0.6944444444444444,0,TOP
283,191,362,179,0.6944444444444444,0,TOP
283,191,362,179,0.6944444444444444,0,TOP
283,191,362,179,0.6944444444444444,0,TOP
283,191,362,179,0.6944444444444444,0,TOP
283,191,362,179,0.6944444444444444,0,TOP
283,191,362,179,0.7027027027027027,0,TOP_RIGHT
283,191,362,179,0.7027027027027027,0,TOP_RIGHT
283,191,361,179,0.7027027027027027,0,TOP_RIGHT
283,191,361,179,0.7027027027027027,0,TOP_RIGHT
283,191,361,179,0.7222222222222222,0,TOP_RIGHT
282,191,361,179,0.6944444444444444,0,TOP
282,191,361,179,0.6944444444444444,0,TOP
282,191,361,179,0.7027027027027027,0,TOP_RIGHT
282,191,361,179,0.7027027027027027,0,TOP_RIGHT
282,191,360,179,0.7027027027027027,0,TOP_RIGHT
282,191,360,179,0.7222222222222222,0,TOP_RIGHT
281,191,360,179,0.6944444444444444,0,TOP
281,191,360,179,0.6944444444444444,0,TOP
281,191,360,179,0.6944444444444444,0,TOP
281,191,360,179,0.7027027027027027,0,TOP_RIGHT
281,191,359,179,0.7027027027027027,0,TOP_RIGHT
281,191,359,179,0.7222222222222222,0,TOP_RIGHT
280,191,359,179,0.6944444444444444,0,TOP
280,191,359,179,0.6944444444444444,0,TOP
280,191,359,179,0.6944444444444444,0,TOP
280,191,359,179,0.6944444444444444,0,TOP
280,191,359,179,0.6944444444444444,0,TOP
280,191,358,179,0.7027027027027027,0,TOP_RIGHT
280,191,358,179,0.7027027027027027,0,TOP_RIGHT
279,191,358,179,0.6756756756756757,0,TOP
279,191,358,179,0.6756756756756757,0,TOP
279,191,358,179,0.6944444444444444,0,TOP
279,191,358,179,0.6944444444444444,0,TOP
279,191,358,179,0.6944444444444444,0,TOP
279,191,358,179,0.6944444444444444,0,TOP
279,191,358,179,0.6944444444444444,0,TOP
279,191,358,179,0.6944444444444444,0,TOP
279,191,358,179,0.6944444444444444,0,TOP
279,191,358,179,0.6944444444444444,0,TOP
279,191,357,179,0.6944444444444444,0,TOP
279,191,357,179,0.7027027027027027,0,TOP_RIGHT
279,191,357,179,0.7027027027027027,0,TOP_RIGHT
279,191,357,179,0.7027027027027027,0,TOP_RIGHT
228,176,297,169,0.18518518518518517,0.2692307692307692,TOP_LEFT
229,175,298,167,0.2222222222222222,0.25,TOP_LEFT
229,175,299,166,0.2222222222222222,0.20833333333333334,TOP_LEFT
229,175,299,166,0.2222222222222222,0.20833333333333334,TOP_LEFT
229,175,299,166,0.2222222222222222,0.20833333333333334,TOP_LEFT
229,175,299,166,0.2222222222222222,0.20833333333333334,TOP_LEFT
229,175,299,166,0.2222222222222222,0.20833333333333334,TOP_LEFT
230,175,299,166,0.25925925925925924,0.19230769230769232,TOP_LEFT
230,175,299,166,0.25925925925925924,0.19230769230769232,TOP_LEFT
230,175,300,166,0.25925925925925924,0.19230769230769232,TOP_LEFT
230,175,300,166,0.25925925925925924,0.19230769230769232,TOP_LEFT
229,175,299,166,0.2222222222222222,0.19230769230769232,TOP_LEFT
229,176,297,167,0.2222222222222222,0.20833333333333334,TOP_LEFT
228,176,297,167,0.18518518518518517,0.19230769230769232,TOP_LEFT
228,176,296,167,0.21428571428571427,0.19230769230769232,TOP_LEFT
227,176,296,167,0.17857142857142858,0.19230769230769232,TOP_LEFT
227,176,296,168,0.18518518518518517,0.23076923076923078,TOP_LEFT
227,176,296,168,0.18518518518518517,0.16666666666666666,TOP_LEFT
227,177,296,168,0.18518518518518517,0.20833333333333334,TOP_LEFT
227,177,295,168,0.18518518518518517,0.20833333333333334,TOP_LEFT
227,177,296,168,0.18518518518518517,0.20833333333333334,TOP_LEFT
227,177,295,168,0.18518518518518517,0.20833333333333334,TOP_LEFT
227,177,295,168,0.18518518518518517,0.20833333333333334,TOP_LEFT
227,177,295,168,0.18518518518518517,0.20833333333333334,TOP_LEFT
227,177,295,168,0.18518518518518517,0.20833333333333334,TOP_LEFT
227,177,295,168,0.18518518518518517,0.20833333333333334,TOP_LEFT
227,177,295,168,0.18518518518518517,0.20833333333333334,TOP_LEFT
227,177,295,168,0.18518518518518517,0.2692307692307692,TOP_LEFT
227,176,296,168,0.18518518518518517,0.23076923076923078,TOP_LEFT
227,176,296,168,0.18518518518518517,0.23076923076923078,TOP_LEFT
227,176,296,168,0.18518518518518517,0.23076923076923078,TOP_LEFT
227,176,296,168,0.18518518518518517,0.23076923076923078,TOP_LEFT
227,176,296,168,0.18518518518518517,0.23076923076923078,TOP_LEFT
227,176,296,167,0.18518518518518517,0.19230769230769232,TOP_LEFT
227,176,296,167,0.17857142857142858,0.19230769230769232,TOP_LEFT
227,176,296,167,0.20689655172413793,0.19230769230769232,TOP_LEFT
226,176,296,167,0.1724137931034483,0.19230769230769232,TOP_LEFT
226,176,296,167,0.1724137931034483,0.19230769230769232,TOP_LEFT
226,176,296,167,0.1724137931034483,0.19230769230769232,TOP_LEFT
226,176,296,167,0.1724137931034483,0.19230769230769232,TOP_LEFT
226,176,296,167,0.1724137931034483,0.19230769230769232,TOP_LEFT
227,176,296,167,0.20689655172413793,0.19230769230769232,TOP_LEFT
227,176,296,167,0.20689655172413793,0.19230769230769232,TOP_LEFT
227,176,296,167,0.20689655172413793,0.19230769230769232,TOP_LEFT
227,176,296,167,0.17857142857142858,0.19230769230769232,TOP_LEFT
227,176,296,167,0.17857142857142858,0.19230769230769232,TOP_LEFT
227,176,296,167,0.17857142857142858,0.19230769230769232,TOP_LEFT
227,176,296,167,0.17857142857142858,0.19230769230769232,TOP_LEFT
227,176,296,167,0.17857142857142858,0.19230769230769232,TOP_LEFT
227,176,296,167,0.17857142857142858,0.19230769230769232,TOP_LEFT
227,176,296,167,0.18518518518518517,0.19230769230769232,TOP_LEFT
227,176,296,167,0.18518518518518517,0.19230769230769232,TOP_LEFT
227,176,296,167,0.18518518518518517,0.19230769230769232,TOP_LEFT
227,176,296,167,0.18518518518518517,0.19230769230769232,TOP_LEFT
227,176,296,167,0.18518518518518517,0.19230769230769232,TOP_LEFT
227,176,296,167,0.18518518518518517,0.19230769230769232,TOP_LEFT
227,176,296,167,0.21428571428571427,0.19230769230769232,TOP_LEFT
227,176,296,167,0.21428571428571427,0.19230769230769232,TOP_LEFT
227,176,296,167,0.21428571428571427,0.19230769230769232,TOP_LEFT
227,177,296,167,0.21428571428571427,0.23076923076923078,TOP_LEFT
226,177,296,167,0.17857142857142858,0.23076923076923078,TOP_LEFT
226,177,295,168,0.17857142857142858,0.2692307692307692,TOP_LEFT
226,177,295,168,0.17857142857142858,0.2692307692307692,TOP_LEFT
225,177,294,168,0.14285714285714285,0.20833333333333334,TOP_LEFT
225,177,294,168,0.17857142857142858,0.20833333333333334,TOP_LEFT
225,177,294,168,0.17857142857142858,0.20833333333333334,TOP_LEFT
225,177,294,168,0.17857142857142858,0.20833333333333334,TOP_LEFT
225,177,293,168,0.17857142857142858,0.20833333333333334,TOP_LEFT
225,177,294,168,0.17857142857142858,0.20833333333333334,TOP_LEFT
225,177,294,168,0.17857142857142858,0.20833333333333334,TOP_LEFT
225,177,294,168,0.17857142857142858,0.20833333333333334,TOP_LEFT
225,177,294,168,0.17857142857142858,0.20833333333333334,TOP_LEFT
225,177,294,168,0.17857142857142858,0.19230769230769232,TOP_LEFT
225,177,294,168,0.17857142857142858,0.19230769230769232,TOP_LEFT
225,177,294,168,0.17857142857142858,0.19230769230769232,TOP_LEFT
225,177,294,168,0.17857142857142858,0.19230769230769232,TOP_LEFT
225,177,294,168,0.17857142857142858,0.19230769230769232,TOP_LEFT
225,177,294,168,0.17857142857142858,0.19230769230769232,TOP_LEFT
225,177,294,168,0.17857142857142858,0.19230769230769232,TOP_LEFT
225,177,294,168,0.17857142857142858,0.19230769230769232,TOP_LEFT
225,177,294,168,0.17857142857142858,0.19230769230769232,TOP_LEFT
225,177,294,168,0.17857142857142858,0.19230769230769232,TOP_LEFT
225,177,294,168,0.17857142857142858,0.19230769230769232,TOP_LEFT
225,177,294,168,0.17857142857142858,0.19230769230769232,TOP_LEFT
225,177,294,168,0.17857142857142858,0.19230769230769232,TOP_LEFT
225,177,294,168,0.17857142857142858,0.19230769230769232,TOP_LEFT
225,177,294,168,0.17857142857142858,0.19230769230769232,TOP_LEFT
225,177,294,168,0.17857142857142858,0.19230769230769232,TOP_LEFT
225,177,294,168,0.17857142857142858,0.19230769230769232,TOP_LEFT
225,177,294,168,0.17857142857142858,0.19230769230769232,TOP_LEFT
225,178,294,168,0.17857142857142858,0.23076923076923078,TOP_LEFT
225,178,294,168,0.17857142857142858,0.23076923076923078,TOP_LEFT
225,178,294,168,0.20689655172413793,0.23076923076923078,TOP_LEFT
225,178,294,168,0.20689655172413793,0.23076923076923078,TOP_LEFT
225,178,294,168,0.17857142857142858,0.23076923076923078,TOP_LEFT
225,178,294,168,0.17857142857142858,0.23076923076923078,TOP_LEFT
225,178,294,168,0.17857142857142858,0.23076923076923078,TOP_LEFT
225,178,294,168,0.17857142857142858,0.23076923076923078,TOP_LEFT
225,178,294,168,0.17857142857142858,0.23076923076923078,TOP_LEFT
225,178,294,168,0.17857142857142858,0.23076923076923078,TOP_LEFT
226,178,294,168,0.21428571428571427,0.23076923076923078,TOP_LEFT
226,178,294,168,0.21428571428571427,0.23076923076923078,TOP_LEFT
226,178,294,168,0.21428571428571427,0.23076923076923078,TOP_LEFT
226,178,294,168,0.21428571428571427,0.23076923076923078,TOP_LEFT
226,177,294,168,0.21428571428571427,0.19230769230769232,TOP_LEFT
226,177,295,168,0.21428571428571427,0.19230769230769232,TOP_LEFT
226,177,295,168,0.20689655172413793,0.19230769230769232,TOP_LEFT
226,177,295,168,0.20689655172413793,0.19230769230769232,TOP_LEFT
226,177,295,168,0.17857142857142858,0.19230769230769232,TOP_LEFT
226,177,295,168,0.17857142857142858,0.19230769230769232,TOP_LEFT
226,177,295,168,0.17857142857142858,0.19230769230769232,TOP_LEFT
226,177,295,168,0.17857142857142858,0.19230769230769232,TOP_LEFT
226,177,295,168,0.17857142857142858,0.19230769230769232,TOP_LEFT
226,177,295,168,0.17857142857142858,0.19230769230769232,TOP_LEFT
227,177,295,168,0.21428571428571427,0.20833333333333334,TOP_LEFT
227,177,295,168,0.21428571428571427,0.20833333333333334,TOP_LEFT
227,177,295,168,0.21428571428571427,0.20833333333333334,TOP_LEFT
227,177,295,168,0.21428571428571427,0.20833333333333334,TOP_LEFT
227,177,295,168,0.21428571428571427,0.20833333333333334,TOP_LEFT
227,177,295,168,0.21428571428571427,0.20833333333333334,TOP_LEFT
227,177,295,168,0.21428571428571427,0.20833333333333334,TOP_LEFT
227,177,295,168,0.21428571428571427,0.20833333333333334,TOP_LEFT
227,177,295,168,0.21428571428571427,0.20833333333333334,TOP_LEFT
227,177,295,168,0.21428571428571427,0.20833333333333334,TOP_LEFT
227,177,295,168,0.21428571428571427,0.20833333333333334,TOP_LEFT
226,177,295,168,0.17857142857142858,0.20833333333333334,TOP_LEFT
227,177,295,168,0.21428571428571427,0.20833333333333334,TOP_LEFT
226,177,295,168,0.17857142857142858,0.20833333333333334,TOP_LEFT
226,177,295,168,0.17857142857142858,0.20833333333333334,TOP_LEFT
226,177,295,168,0.17857142857142858,0.20833333333333334,TOP_LEFT
226,177,295,168,0.17857142857142858,0.20833333333333334,TOP_LEFT
226,177,295,168,0.17857142857142858,0.20833333333333334,TOP_LEFT
226,177,295,168,0.17857142857142858,0.20833333333333334,TOP_LEFT
226,177,295,168,0.17857142857142858,0.20833333333333334,TOP_LEFT
226,177,295,168,0.17857142857142858,0.20833333333333334,TOP_LEFT
226,177,295,168,0.17857142857142858,0.19230769230769232,TOP_LEFT
226,177,295,168,0.17857142857142858,0.19230769230769232,TOP_LEFT
226,177,295,168,0.17857142857142858,0.19230769230769232,TOP_LEFT
226,177,295,168,0.17857142857142858,0.19230769230769232,TOP_LEFT
226,177,295,168,0.17857142857142858,0.19230769230769232,TOP_LEFT
226,177,295,168,0.17857142857142858,0.19230769230769232,TOP_LEFT
226,177,295,168,0.17857142857142858,0.19230769230769232,TOP_LEFT
226,177,295,168,0.17857142857142858,0.19230769230769232,TOP_LEFT
226,177,295,168,0.20689655172413793,0.19230769230769232,TOP_LEFT
226,177,295,168,0.17857142857142858,0.19230769230769232,TOP_LEFT
226,177,295,168,0.20689655172413793,0.19230769230769232,TOP_LEFT
226,177,295,168,0.17857142857142858,0.19230769230769232,TOP_LEFT
226,177,295,168,0.17857142857142858,0.19230769230769232,TOP_LEFT
226,178,295,168,0.17857142857142858,0.23076923076923078,TOP_LEFT
226,178,295,168,0.17857142857142858,0.23076923076923078,TOP_LEFT
226,178,295,168,0.17857142857142858,0.23076923076923078,TOP_LEFT
226,178,295,168,0.17857142857142858,0.23076923076923078,TOP_LEFT
226,178,295,168,0.17857142857142858,0.23076923076923078,TOP_LEFT
226,178,295,168,0.17857142857142858,0.23076923076923078,TOP_LEFT
226,178,295,168,0.17857142857142858,0.23076923076923078,TOP_LEFT
226,178,295,168,0.17857142857142858,0.23076923076923078,TOP_LEFT
226,178,295,168,0.17857142857142858,0.23076923076923078,TOP_LEFT
226,178,295,168,0.17857142857142858,0.23076923076923078,TOP_LEFT
226,178,295,168,0.17857142857142858,0.23076923076923078,TOP_LEFT
226,178,295,168,0.17857142857142858,0.23076923076923078,TOP_LEFT
227,178,295,168,0.21428571428571427,0.16666666666666666,TOP_LEFT
227,178,295,168,0.21428571428571427,0.16666666666666666,TOP_LEFT
227,178,295,168,0.21428571428571427,0.16666666666666666,TOP_LEFT
227,178,295,168,0.21428571428571427,0.16666666666666666,TOP_LEFT
227,178,296,168,0.21428571428571427,0.16666666666666666,TOP_LEFT
227,178,296,169,0.21428571428571427,0.20833333333333334,TOP_LEFT
227,178,296,169,0.21428571428571427,0.20833333333333334,TOP_LEFT
227,178,296,169,0.21428571428571427,0.20833333333333334,TOP_LEFT
227,178,296,169,0.21428571428571427,0.20833333333333334,TOP_LEFT
227,178,296,169,0.18518518518518517,0.20833333333333334,TOP_LEFT
227,178,296,169,0.21428571428571427,0.20833333333333334,TOP_LEFT
227,178,296,169,0.18518518518518517,0.20833333333333334,TOP_LEFT
227,178,296,169,0.18518518518518517,0.20833333333333334,TOP_LEFT
228,178,296,169,0.2222222222222222,0.20833333333333334,TOP_LEFT
227,178,296,168,0.18518518518518517,0.16666666666666666,TOP_LEFT
228,178,296,168,0.2222222222222222,0.16666666666666666,TOP_LEFT
228,178,296,168,0.2222222222222222,0.16666666666666666,TOP_LEFT
228,178,296,168,0.21428571428571427,0.16666666666666666,TOP_LEFT
228,177,296,168,0.21428571428571427,0.19230769230769232,TOP_LEFT
228,178,296,168,0.21428571428571427,0.16666666666666666,TOP_LEFT
228,178,297,168,0.21428571428571427,0.16666666666666666,TOP_LEFT
228,177,297,168,0.21428571428571427,0.125,TOP_LEFT
228,177,297,168,0.21428571428571427,0.125,TOP_LEFT
228,177,297,168,0.21428571428571427,0.125,TOP_LEFT
228,178,297,168,0.21428571428571427,0.16666666666666666,TOP_LEFT
228,178,297,168,0.21428571428571427,0.16666666666666666,TOP_LEFT
228,178,297,168,0.21428571428571427,0.16666666666666666,TOP_LEFT
228,178,296,168,0.21428571428571427,0.16666666666666666,TOP_LEFT
228,178,297,168,0.21428571428571427,0.16666666666666666,TOP_LEFT
228,178,297,168,0.21428571428571427,0.16666666666666666,TOP_LEFT
228,178,296,168,0.21428571428571427,0.16666666666666666,TOP_LEFT
228,178,296,168,0.21428571428571427,0.16666666666666666,TOP_LEFT
228,178,296,168,0.21428571428571427,0.16666666666666666,TOP_LEFT
228,178,296,168,0.21428571428571427,0.16666666666666666,TOP_LEFT
228,178,296,169,0.21428571428571427,0.20833333333333334,TOP_LEFT
227,178,296,169,0.17857142857142858,0.20833333333333334,TOP_LEFT
227,178,296,169,0.17857142857142858,0.20833333333333334,TOP_LEFT
227,178,295,169,0.17857142857142858,0.20833333333333334,TOP_LEFT
227,178,295,169,0.20689655172413793,0.20833333333333334,TOP_LEFT
227,178,295,169,0.20689655172413793,0.20833333333333334,TOP_LEFT
227,178,296,169,0.20689655172413793,0.20833333333333334,TOP_LEFT
227,178,296,169,0.20689655172413793,0.20833333333333334,TOP_LEFT
227,178,296,169,0.20689655172413793,0.20833333333333334,TOP_LEFT
227,178,296,169,0.17857142857142858,0.20833333333333334,TOP_LEFT
227,178,296,169,0.17857142857142858,0.20833333333333334,TOP_LEFT
228,177,296,168,0.21428571428571427,0.19230769230769232,TOP_LEFT
228,177,297,168,0.21428571428571427,0.20833333333333334,TOP_LEFT
228,177,297,168,0.21428571428571427,0.20833333333333334,TOP_LEFT
228,177,297,168,0.21428571428571427,0.20833333333333334,TOP_LEFT
228,177,297,168,0.21428571428571427,0.20833333333333334,TOP_LEFT
228,177,297,168,0.21428571428571427,0.20833333333333334,TOP_LEFT
228,176,297,168,0.21428571428571427,0.16666666666666666,TOP_LEFT
227,176,297,168,0.17857142857142858,0.23076923076923078,TOP_LEFT
227,176,297,168,0.17857142857142858,0.23076923076923078,TOP_LEFT
227,176,297,168,0.17857142857142858,0.23076923076923078,TOP_LEFT
227,176,297,167,0.17857142857142858,0.19230769230769232,TOP_LEFT
227,176,297,167,0.17857142857142858,0.20833333333333334,TOP_LEFT
227,176,297,167,0.17857142857142858,0.20833333333333334,TOP_LEFT
228,176,297,167,0.21428571428571427,0.20833333333333334,TOP_LEFT
228,176,297,167,0.21428571428571427,0.20833333333333334,TOP_LEFT
227,176,297,167,0.17857142857142858,0.20833333333333334,TOP_LEFT
227,176,297,167,0.17857142857142858,0.20833333333333334,TOP_LEFT
227,176,296,167,0.17857142857142858,0.20833333333333334,TOP_LEFT
227,176,296,167,0.20689655172413793,0.20833333333333334,TOP_LEFT
227,176,296,167,0.20689655172413793,0.20833333333333334,TOP_LEFT
227,176,296,167,0.20689655172413793,0.20833333333333334,TOP_LEFT
227,176,296,167,0.20689655172413793,0.20833333333333334,TOP_LEFT
227,176,296,167,0.20689655172413793,0.20833333333333334,TOP_LEFT
227,176,296,167,0.20689655172413793,0.20833333333333334,TOP_LEFT
227,176,296,167,0.20689655172413793,0.20833333333333334,TOP_LEFT
227,176,296,167,0.20689655172413793,0.20833333333333334,TOP_LEFT
227,176,296,167,0.20689655172413793,0.20833333333333334,TOP_LEFT
227,176,296,167,0.20689655172413793,0.20833333333333334,TOP_LEFT
227,176,296,167,0.20689655172413793,0.20833333333333334,TOP_LEFT
227,176,296,167,0.20689655172413793,0.20833333333333334,TOP_LEFT
227,176,296,167,0.20689655172413793,0.20833333333333334,TOP_LEFT
227,176,296,167,0.20689655172413793,0.20833333333333334,TOP_LEFT
227,176,296,167,0.21428571428571427,0.20833333333333334,TOP_LEFT
226,176,295,167,0.17857142857142858,0.20833333333333334,TOP_LEFT
226,176,295,168,0.17857142857142858,0.23076923076923078,TOP_LEFT
226,176,295,168,0.17857142857142858,0.16666666666666666,TOP_LEFT
226,177,295,168,0.18518518518518517,0.20833333333333334,TOP_LEFT
226,177,295,168,0.21428571428571427,0.20833333333333334,TOP_LEFT
226,177,295,168,0.21428571428571427,0.20833333333333334,TOP_LEFT
225,177,294,169,0.17857142857142858,0.25,TOP_LEFT
225,177,294,169,0.17857142857142858,0.25,TOP_LEFT
225,177,294,169,0.17857142857142858,0.25,TOP_LEFT
225,177,294,169,0.17857142857142858,0.18181818181818182,TOP_LEFT
225,177,294,169,0.17857142857142858,0.18181818181818182,TOP_LEFT
225,177,294,169,0.17857142857142858,0.18181818181818182,TOP_LEFT
225,177,294,169,0.17857142857142858,0.18181818181818182,TOP_LEFT
225,177,294,169,0.17857142857142858,0.18181818181818182,TOP_LEFT
225,177,294,169,0.17857142857142858,0.18181818181818182,TOP_LEFT
225,177,295,169,0.17857142857142858,0.18181818181818182,TOP_LEFT
225,177,295,169,0.17857142857142858,0.18181818181818182,TOP_LEFT
226,177,295,169,0.21428571428571427,0.18181818181818182,TOP_LEFT
226,177,295,169,0.21428571428571427,0.18181818181818182,TOP_LEFT
226,177,295,169,0.21428571428571427,0.18181818181818182,TOP_LEFT
226,177,296,169,0.21428571428571427,0.18181818181818182,TOP_LEFT
226,177,296,169,0.20689655172413793,0.18181818181818182,TOP_LEFT
226,177,296,169,0.20689655172413793,0.18181818181818182,TOP_LEFT
227,177,296,169,0.2413793103448276,0.18181818181818182,TOP_LEFT
227,177,296,169,0.2413793103448276,0.18181818181818182,TOP_LEFT
227,177,296,169,0.21428571428571427,0.18181818181818182,TOP_LEFT
227,177,297,169,0.21428571428571427,0.18181818181818182,TOP_LEFT
227,177,297,169,0.21428571428571427,0.18181818181818182,TOP_LEFT
227,177,297,169,0.21428571428571427,0.18181818181818182,TOP_LEFT
227,177,297,169,0.21428571428571427,0.18181818181818182,TOP_LEFT
227,177,297,169,0.21428571428571427,0.25,TOP_LEFT
228,177,297,169,0.25,0.25,TOP_LEFT
228,177,297,169,0.2413793103448276,0.25,TOP_LEFT
228,177,297,169,0.2413793103448276,0.25,TOP_LEFT
228,177,298,169,0.2413793103448276,0.25,TOP_LEFT
228,177,298,169,0.2413793103448276,0.25,TOP_LEFT
228,176,298,169,0.2413793103448276,0.20833333333333334,TOP_LEFT
228,176,298,168,0.2413793103448276,0.16666666666666666,TOP_LEFT
228,176,298,168,0.2413793103448276,0.25,TOP_LEFT
228,176,298,168,0.2413793103448276,0.25,TOP_LEFT
228,176,298,168,0.2413793103448276,0.25,TOP_LEFT
228,176,298,168,0.2413793103448276,0.25,TOP_LEFT
228,175,298,168,0.2413793103448276,0.2692307692307692,TOP_LEFT
228,175,298,167,0.2413793103448276,0.23076923076923078,TOP_LEFT
228,175,298,167,0.2413793103448276,0.23076923076923078,TOP_LEFT
229,175,298,167,0.27586206896551724,0.25,TOP_LEFT
229,175,298,167,0.27586206896551724,0.25,TOP_LEFT
229,175,299,167,0.2413793103448276,0.23076923076923078,TOP_LEFT
229,175,299,167,0.2413793103448276,0.23076923076923078,TOP_LEFT
229,175,299,167,0.2413793103448276,0.23076923076923078,TOP_LEFT
229,175,299,167,0.2413793103448276,0.23076923076923078,TOP_LEFT
229,175,299,167,0.2413793103448276,0.23076923076923078,TOP_LEFT
229,175,299,167,0.2413793103448276,0.23076923076923078,TOP_LEFT
229,175,299,167,0.2413793103448276,0.23076923076923078,TOP_LEFT
229,175,299,167,0.2413793103448276,0.23076923076923078,TOP_LEFT
229,175,299,167,0.2413793103448276,0.23076923076923078,TOP_LEFT
229,175,299,167,0.2413793103448276,0.23076923076923078,TOP_LEFT
229,175,299,167,0.2413793103448276,0.23076923076923078,TOP_LEFT
229,175,299,167,0.2413793103448276,0.23076923076923078,TOP_LEFT
229,175,299,167,0.2413793103448276,0.23076923076923078,TOP_LEFT
229,175,299,167,0.2413793103448276,0.23076923076923078,TOP_LEFT
229,175,299,167,0.23333333333333334,0.23076923076923078,TOP_LEFT
229,175,299,167,0.23333333333333334,0.23076923076923078,TOP_LEFT
229,175,299,167,0.23333333333333334,0.23076923076923078,TOP_LEFT
229,175,299,167,0.23333333333333334,0.23076923076923078,TOP_LEFT
229,175,299,167,0.23333333333333334,0.23076923076923078,TOP_LEFT
229,175,299,167,0.23333333333333334,0.23076923076923078,TOP_LEFT
229,175,299,167,0.23333333333333334,0.23076923076923078,TOP_LEFT
230,175,299,167,0.26666666666666666,0.23076923076923078,TOP_LEFT
230,176,299,167,0.26666666666666666,0.2692307692307692,TOP_LEFT
230,176,299,167,0.2413793103448276,0.2692307692307692,TOP_LEFT
230,176,299,167,0.2413793103448276,0.20833333333333334,TOP_LEFT
232,176,301,167,0.20689655172413793,0.20833333333333334,TOP_LEFT
232,176,301,167,0.2,0.20833333333333334,TOP_LEFT
232,176,301,167,0.1724137931034483,0.20833333333333334,TOP_LEFT
232,176,302,167,0.1724137931034483,0.20833333333333334,TOP_LEFT
233,176,302,167,0.20689655172413793,0.20833333333333334,TOP_LEFT
233,176,302,167,0.2,0.20833333333333334,TOP_LEFT
233,176,302,168,0.2,0.25,TOP_LEFT
233,176,302,168,0.2,0.25,TOP_LEFT
233,176,302,168,0.1724137931034483,0.25,TOP_LEFT
233,176,302,168,0.1724137931034483,0.25,TOP_LEFT
233,176,303,168,0.1724137931034483,0.25,TOP_LEFT
233,176,303,168,0.1724137931034483,0.25,TOP_LEFT
233,176,303,168,0.1724137931034483,0.25,TOP_LEFT
233,176,303,168,0.1724137931034483,0.23076923076923078,TOP_LEFT
234,176,303,168,0.2,0.23076923076923078,TOP_LEFT
234,176,303,168,0.2,0.23076923076923078,TOP_LEFT
234,176,303,168,0.2,0.23076923076923078,TOP_LEFT
234,176,303,168,0.2,0.23076923076923078,TOP_LEFT
234,176,303,168,0.2,0.23076923076923078,TOP_LEFT
234,176,303,168,0.2,0.23076923076923078,TOP_LEFT
261,144,327,134,0.19230769230769232,0.1,TOP_LEFT
260,144,327,134,0.18518518518518517,0.2,TOP_LEFT
260,144,327,134,0.18518518518518517,0.2,TOP_LEFT
260,144,327,134,0.18518518518518517,0.2,TOP_LEFT
260,144,327,134,0.18518518518518517,0.2,TOP_LEFT
260,144,327,134,0.18518518518518517,0.2,TOP_LEFT
259,144,327,134,0.14814814814814814,0.2,TOP_LEFT
259,144,327,134,0.17857142857142858,0.2,TOP_LEFT
259,144,327,134,0.17857142857142858,0.2,TOP_LEFT
260,144,327,134,0.18518518518518517,0.2,TOP_LEFT
260,144,327,134,0.18518518518518517,0.2,TOP_LEFT
260,144,327,134,0.18518518518518517,0.2,TOP_LEFT
260,144,327,134,0.18518518518518517,0.2,TOP_LEFT
260,144,327,134,0.18518518518518517,0.1111111111111111,TOP_LEFT
261,144,327,134,0.2222222222222222,0.1111111111111111,TOP_LEFT
261,144,327,134,0.2222222222222222,0.1111111111111111,TOP_LEFT
261,144,327,134,0.19230769230769232,0.1111111111111111,TOP_LEFT
261,144,327,135,0.19230769230769232,0.16666666666666666,TOP_LEFT
262,144,328,135,0.23076923076923078,0.05555555555555555,TOP_LEFT
262,144,328,135,0.23076923076923078,0.05555555555555555,TOP_LEFT
263,144,328,135,0.2692307692307692,0.05555555555555555,TOP_LEFT
263,144,328,135,0.2692307692307692,0.05555555555555555,TOP_LEFT
263,144,328,135,0.2692307692307692,0.05555555555555555,TOP_LEFT
263,144,329,135,0.2692307692307692,0.05555555555555555,TOP_LEFT
263,144,329,135,0.2692307692307692,0.05555555555555555,TOP_LEFT
263,144,329,135,0.2692307692307692,0.05555555555555555,TOP_LEFT
264,144,329,135,0.2692307692307692,0.05555555555555555,TOP_LEFT
264,144,329,135,0.2692307692307692,0.05555555555555555,TOP_LEFT
264,144,329,135,0.2692307692307692,0.05555555555555555,TOP_LEFT
264,144,329,135,0.2692307692307692,0.05555555555555555,TOP_LEFT
264,144,329,135,0.2692307692307692,0.05555555555555555,TOP_LEFT
264,144,329,135,0.2692307692307692,0.05555555555555555,TOP_LEFT
264,144,329,135,0.2692307692307692,0.05555555555555555,TOP_LEFT
264,144,329,135,0.2692307692307692,0.05555555555555555,TOP_LEFT
264,144,330,135,0.2692307692307692,0,TOP_LEFT
264,144,331,135,0.2692307692307692,0.05555555555555555,TOP_LEFT
265,144,332,135,0.3076923076923077,0.05555555555555555,TOP
266,144,333,135,0.34615384615384615,0,TOP
266,144,334,135,0.34615384615384615,0,TOP
266,144,335,135,0.34615384615384615,0,TOP
267,144,335,135,0.38461538461538464,0,TOP
267,144,336,135,0.38461538461538464,0,TOP
267,144,336,135,0.38461538461538464,0,TOP
267,144,336,135,0.38461538461538464,0,TOP
267,145,336,135,0.38461538461538464,0,TOP
267,145,336,135,0.38461538461538464,0,TOP
267,145,336,135,0.4074074074074074,0,TOP
267,145,337,135,0.4230769230769231,0,TOP
267,145,337,135,0.4074074074074074,0,TOP
267,145,336,135,0.4074074074074074,0,TOP
267,145,337,136,0.4074074074074074,0.05555555555555555,TOP
267,145,337,136,0.4074074074074074,0.05555555555555555,TOP
268,145,337,136,0.4444444444444444,0.05555555555555555,TOP
268,145,337,136,0.4230769230769231,0.05555555555555555,TOP
268,145,337,136,0.4230769230769231,0.05555555555555555,TOP
268,145,337,136,0.4230769230769231,0.05555555555555555,TOP
268,145,337,136,0.4230769230769231,0.05555555555555555,TOP
268,145,337,136,0.4230769230769231,0.05555555555555555,TOP
268,145,338,136,0.4230769230769231,0.05555555555555555,TOP
269,145,338,136,0.44,0.05555555555555555,TOP
269,145,339,136,0.4230769230769231,0.05555555555555555,TOP
270,145,339,136,0.46153846153846156,0.05555555555555555,TOP
270,145,339,136,0.46153846153846156,0,TOP
270,145,340,136,0.46153846153846156,0,TOP
271,145,340,137,0.5,0,TOP
271,145,340,137,0.5,0,TOP
278,139,348,132,0.2413793103448276,0.07142857142857142,TOP_LEFT
272,144,342,137,0.2413793103448276,0.0625,TOP_LEFT
271,144,342,137,0.23333333333333334,0.0625,TOP_LEFT
271,145,342,137,0.23333333333333334,0.125,TOP_LEFT
271,145,341,137,0.23333333333333334,0.125,TOP_LEFT
271,145,341,137,0.2413793103448276,0.125,TOP_LEFT
270,145,341,137,0.20689655172413793,0.125,TOP_LEFT
270,145,341,137,0.20689655172413793,0.125,TOP_LEFT
270,145,341,137,0.20689655172413793,0.125,TOP_LEFT
270,145,341,137,0.20689655172413793,0.1111111111111111,TOP_LEFT
270,145,341,138,0.20689655172413793,0.16666666666666666,TOP_LEFT
270,146,341,138,0.20689655172413793,0.125,TOP_LEFT
270,146,340,138,0.23333333333333334,0.1111111111111111,TOP_LEFT
269,147,340,139,0.20689655172413793,0.1111111111111111,TOP_LEFT
269,148,340,140,0.20689655172413793,0.1111111111111111,TOP_LEFT
269,149,340,141,0.20689655172413793,0.1111111111111111,TOP_LEFT
269,150,339,142,0.20689655172413793,0.1111111111111111,TOP_LEFT
269,151,339,143,0.2413793103448276,0.125,TOP_LEFT
269,152,339,144,0.2413793103448276,0.125,TOP_LEFT
269,153,339,144,0.2413793103448276,0.0625,TOP_LEFT
268,153,339,145,0.20689655172413793,0,TOP_LEFT
268,154,339,146,0.20689655172413793,0.125,TOP_LEFT
268,155,339,147,0.2413793103448276,0.125,TOP_LEFT
268,156,338,148,0.2413793103448276,0.125,TOP_LEFT
268,156,338,149,0.2413793103448276,0.1875,TOP_LEFT
267,157,338,149,0.20689655172413793,0.125,TOP_LEFT
267,157,338,150,0.20689655172413793,0.1875,TOP_LEFT
267,158,338,150,0.23333333333333334,0.125,TOP_LEFT
267,158,338,151,0.2413793103448276,0.07142857142857142,TOP_LEFT
267,159,338,151,0.2413793103448276,0.125,TOP_LEFT
267,159,337,152,0.2413793103448276,0.07142857142857142,TOP_LEFT
267,159,337,152,0.2413793103448276,0.07142857142857142,TOP_LEFT
266,160,337,153,0.2413793103448276,0.07142857142857142,TOP_LEFT
266,160,337,153,0.2413793103448276,0.07142857142857142,TOP_LEFT
266,160,336,153,0.2413793103448276,0.07142857142857142,TOP_LEFT
266,160,336,153,0.2413793103448276,0.07142857142857142,TOP_LEFT
265,160,336,153,0.20689655172413793,0.07142857142857142,TOP_LEFT
265,160,336,153,0.2413793103448276,0.1875,TOP_LEFT
265,159,336,152,0.2413793103448276,0.0625,TOP_LEFT
265,159,335,152,0.2413793103448276,0.07142857142857142,TOP_LEFT
265,159,335,151,0.2413793103448276,0.125,TOP_LEFT
265,158,335,151,0.2413793103448276,0.0625,TOP_LEFT
265,158,336,151,0.2413793103448276,0.1875,TOP_LEFT
265,158,336,150,0.2413793103448276,0.125,TOP_LEFT
265,157,336,150,0.21428571428571427,0.16666666666666666,TOP_LEFT
266,157,336,149,0.25,0.125,TOP_LEFT
266,156,336,149,0.2413793103448276,0.16666666666666666,TOP_LEFT
266,156,336,149,0.2413793103448276,0.16666666666666666,TOP_LEFT
266,156,336,149,0.21428571428571427,0.1875,TOP_LEFT
267,156,337,149,0.25,0.2777777777777778,TOP_LEFT
267,156,337,148,0.25,0.2222222222222222,TOP_LEFT
267,156,337,148,0.25,0.2222222222222222,TOP_LEFT
267,155,337,148,0.25,0.16666666666666666,TOP_LEFT
267,155,337,148,0.2413793103448276,0.25,TOP_LEFT
268,155,337,148,0.27586206896551724,0.2777777777777778,TOP_LEFT
268,154,337,147,0.25,0.25,TOP_LEFT
268,154,337,147,0.25,0.25,TOP_LEFT
268,154,338,147,0.25,0.3181818181818182,LEFT
268,153,338,146,0.25,0.25,TOP_LEFT
268,153,338,146,0.25,0.25,TOP_LEFT
268,153,338,146,0.25,0.3181818181818182,LEFT
269,152,338,146,0.27586206896551724,0.2727272727272727,TOP_LEFT
269,152,338,146,0.27586206896551724,0.2727272727272727,TOP_LEFT
269,152,338,145,0.27586206896551724,0.22727272727272727,TOP_LEFT
269,152,338,145,0.27586206896551724,0.2916666666666667,TOP_LEFT
269,152,338,145,0.27586206896551724,0.2916666666666667,TOP_LEFT
269,152,338,145,0.27586206896551724,0.2916666666666667,TOP_LEFT
269,152,338,145,0.27586206896551724,0.2916666666666667,TOP_LEFT
269,152,338,145,0.25,0.2916666666666667,TOP_LEFT
269,152,338,145,0.25,0.2916666666666667,TOP_LEFT
269,152,339,145,0.25,0.2916666666666667,TOP_LEFT
269,152,339,145,0.25,0.2916666666666667,TOP_LEFT
269,152,339,145,0.25,0.34615384615384615,LEFT
269,152,339,145,0.2413793103448276,0.34615384615384615,LEFT
269,152,339,145,0.2413793103448276,0.34615384615384615,LEFT
269,152,339,145,0.2413793103448276,0.34615384615384615,LEFT
262,176,330,168,0.23333333333333334,0.25,TOP_LEFT
264,173,332,165,0.26666666666666666,0.25,TOP_LEFT
264,173,332,165,0.26666666666666666,0.25,TOP_LEFT
264,173,332,165,0.26666666666666666,0.25,TOP_LEFT
264,173,332,165,0.26666666666666666,0.25,TOP_LEFT
264,173,332,165,0.26666666666666666,0.25,TOP_LEFT
264,173,332,165,0.26666666666666666,0.25,TOP_LEFT
264,173,332,165,0.26666666666666666,0.3076923076923077,LEFT
264,173,332,165,0.26666666666666666,0.3076923076923077,LEFT
264,173,332,164,0.25806451612903225,0.2692307692307692,TOP_LEFT
264,173,332,164,0.25806451612903225,0.2692307692307692,TOP_LEFT
264,173,331,164,0.25806451612903225,0.2692307692307692,TOP_LEFT
264,173,331,164,0.25806451612903225,0.2692307692307692,TOP_LEFT
264,173,331,164,0.25806451612903225,0.2692307692307692,TOP_LEFT
264,173,331,164,0.25806451612903225,0.2692307692307692,TOP_LEFT
264,173,331,164,0.25806451612903225,0.2692307692307692,TOP_LEFT
264,173,331,164,0.25806451612903225,0.2692307692307692,TOP_LEFT
264,173,331,164,0.25806451612903225,0.2692307692307692,TOP_LEFT
263,173,331,164,0.22580645161290322,0.2692307692307692,TOP_LEFT
263,173,331,164,0.22580645161290322,0.2692307692307692,TOP_LEFT
263,173,331,164,0.22580645161290322,0.2692307692307692,TOP_LEFT
263,173,331,164,0.22580645161290322,0.2692307692307692,TOP_LEFT
263,173,331,164,0.22580645161290322,0.2692307692307692,TOP_LEFT
263,173,330,164,0.22580645161290322,0.2692307692307692,TOP_LEFT
263,173,330,164,0.22580645161290322,0.2692307692307692,TOP_LEFT
263,173,330,164,0.22580645161290322,0.2692307692307692,TOP_LEFT
263,173,330,164,0.23333333333333334,0.2692307692307692,TOP_LEFT
263,173,330,164,0.23333333333333334,0.2692307692307692,TOP_LEFT
263,173,330,164,0.23333333333333334,0.2692307692307692,TOP_LEFT
263,173,330,164,0.23333333333333334,0.2692307692307692,TOP_LEFT
263,173,330,164,0.23333333333333334,0.2692307692307692,TOP_LEFT
263,173,329,164,0.23333333333333334,0.2692307692307692,TOP_LEFT
262,173,330,164,0.2,0.2692307692307692,TOP_LEFT
262,173,330,164,0.2,0.2692307692307692,TOP_LEFT
262,173,330,164,0.2,0.20833333333333334,TOP_LEFT
262,173,329,164,0.2,0.20833333333333334,TOP_LEFT
262,173,329,164,0.2,0.20833333333333334,TOP_LEFT
262,173,329,164,0.2,0.20833333333333334,TOP_LEFT
262,173,329,164,0.2,0.20833333333333334,TOP_LEFT
262,173,329,164,0.2,0.20833333333333334,TOP_LEFT
262,173,330,164,0.2,0.2692307692307692,TOP_LEFT
262,173,330,164,0.2,0.2692307692307692,TOP_LEFT
262,173,329,164,0.2,0.2692307692307692,TOP_LEFT
262,173,329,164,0.2,0.2692307692307692,TOP_LEFT
262,173,329,164,0.2,0.2692307692307692,TOP_LEFT
262,173,329,164,0.22580645161290322,0.2692307692307692,TOP_LEFT
262,173,329,164,0.22580645161290322,0.2692307692307692,TOP_LEFT
262,173,329,164,0.22580645161290322,0.2692307692307692,TOP_LEFT
262,173,329,163,0.22580645161290322,0.23076923076923078,TOP_LEFT
262,173,329,164,0.2,0.2692307692307692,TOP_LEFT
262,173,329,164,0.2,0.2692307692307692,TOP_LEFT
262,173,330,164,0.2,0.2692307692307692,TOP_LEFT
262,173,330,164,0.2,0.2692307692307692,TOP_LEFT
262,173,330,164,0.2,0.2692307692307692,TOP_LEFT
262,173,330,164,0.1935483870967742,0.2692307692307692,TOP_LEFT
262,173,330,164,0.1935483870967742,0.2692307692307692,TOP_LEFT
263,173,330,164,0.22580645161290322,0.2692307692307692,TOP_LEFT
263,173,330,164,0.22580645161290322,0.2916666666666667,TOP_LEFT
263,173,330,163,0.22580645161290322,0.25,TOP_LEFT
263,173,330,163,0.22580645161290322,0.25,TOP_LEFT
263,173,331,163,0.22580645161290322,0.25,TOP_LEFT
263,172,331,163,0.22580645161290322,0.20833333333333334,TOP_LEFT
263,172,331,163,0.22580645161290322,0.20833333333333334,TOP_LEFT
263,172,331,163,0.22580645161290322,0.20833333333333334,TOP_LEFT
263,172,331,163,0.22580645161290322,0.20833333333333334,TOP_LEFT
263,172,331,163,0.22580645161290322,0.20833333333333334,TOP_LEFT
263,172,332,163,0.22580645161290322,0.20833333333333334,TOP_LEFT
264,172,333,163,0.25806451612903225,0.20833333333333334,TOP_LEFT
241,217,356,211,0.5,0.42857142857142855,CENTER
240,213,351,206,0.4791666666666667,0.375,CENTER
240,213,351,206,0.4791666666666667,0.375,CENTER
240,213,351,206,0.48936170212765956,0.375,CENTER
240,213,351,207,0.48936170212765956,0.38095238095238093,CENTER
239,214,350,207,0.4791666666666667,0.375,CENTER
239,214,350,207,0.4791666666666667,0.35714285714285715,CENTER
239,214,350,207,0.4791666666666667,0.35714285714285715,CENTER
240,214,350,207,0.48936170212765956,0.35714285714285715,CENTER
241,213,350,207,0.5106382978723404,0.35,CENTER
241,212,351,206,0.48936170212765956,0.35,CENTER
242,211,351,205,0.5,0.35,CENTER
242,210,351,205,0.4782608695652174,0.375,CENTER
243,210,351,204,0.48936170212765956,0.4,CENTER
243,209,351,204,0.4782608695652174,0.375,CENTER
243,209,351,204,0.4782608695652174,0.425,CENTER
243,209,351,203,0.4782608695652174,0.4,CENTER
243,208,351,203,0.4782608695652174,0.375,CENTER
243,208,351,202,0.4782608695652174,0.4,CENTER
243,207,351,202,0.4782608695652174,0.39473684210526316,CENTER
243,207,351,201,0.4782608695652174,0.4,CENTER
243,206,351,201,0.4782608695652174,0.425,CENTER
244,205,351,200,0.4888888888888889,0.425,CENTER
244,203,350,199,0.4888888888888889,0.45,CENTER
245,201,349,197,0.4772727272727273,0.47368421052631576,CENTER
248,198,348,195,0.5116279069767442,0.5,CENTER
250,195,347,193,0.5238095238095238,0.5,CENTER
252,193,347,192,0.5121951219512195,0.5,CENTER
255,192,348,191,0.525,0.5,CENTER
257,191,349,188,0.5128205128205128,0.4411764705882353,CENTER
260,189,350,184,0.5128205128205128,0.4166666666666667,CENTER
262,185,351,180,0.5,0.39473684210526316,CENTER
265,182,352,176,0.5263157894736842,0.42105263157894735,CENTER
266,178,353,172,0.5,0.3684210526315789,CENTER
267,175,354,169,0.48717948717948717,0.3888888888888889,CENTER
268,172,355,166,0.5128205128205128,0.4117647058823529,CENTER
268,170,356,164,0.48717948717948717,0.4117647058823529,CENTER
269,168,357,163,0.4722222222222222,0.46875,CENTER
271,166,358,162,0.47058823529411764,0.4375,CENTER
274,165,358,161,0.4838709677419355,0.4666666666666667,CENTER
277,164,359,160,0.4827586206896552,0.42857142857142855,CENTER
280,163,360,160,0.48148148148148145,0.4642857142857143,CENTER
283,163,360,160,0.48,0.4642857142857143,CENTER
286,162,360,160,0.48,0.5,CENTER
289,162,361,160,0.5,0.5,CENTER
291,162,361,160,0.5,0.5,CENTER
293,162,362,160,0.5,0.5,CENTER
295,162,362,160,0.5,0.5,CENTER
296,162,362,160,0.4583333333333333,0.5,CENTER
298,162,362,160,0.5,0.5,CENTER
299,162,362,160,0.48,0.46153846153846156,CENTER
300,162,363,160,0.48,0.46153846153846156,CENTER
301,162,363,160,0.48,0.46153846153846156,CENTER
303,162,363,160,0.5,0.46153846153846156,CENTER
303,162,363,160,0.46153846153846156,0.46153846153846156,CENTER
304,162,363,160,0.48,0.46153846153846156,CENTER
305,162,363,160,0.5,0.5,CENTER
306,162,363,160,0.5,0.5,CENTER
306,162,364,160,0.5,0.5,CENTER
306,162,364,160,0.46153846153846156,0.5,CENTER
307,162,364,160,0.5,0.5,CENTER
307,162,364,160,0.48148148148148145,0.5,CENTER
307,162,364,160,0.48148148148148145,0.5,CENTER
307,162,365,161,0.48148148148148145,0.5416666666666666,CENTER
306,163,365,162,0.46153846153846156,0.55,CENTER
306,164,365,163,0.48148148148148145,0.55,CENTER
306,165,365,164,0.48148148148148145,0.55,CENTER
305,166,365,165,0.48148148148148145,0.5,CENTER
305,167,365,167,0.5,0.5555555555555556,CENTER
304,168,365,168,0.48148148148148145,0.5,CENTER
303,169,365,169,0.4642857142857143,0.5,CENTER
303,170,365,170,0.5,0.5714285714285714,CENTER
302,171,365,170,0.4827586206896552,0.5,CENTER
301,172,365,171,0.4827586206896552,0.5,CENTER
300,172,364,172,0.4666666666666667,0.5714285714285714,CENTER
300,173,364,172,0.4838709677419355,0.5,CENTER
299,174,362,172,0.4838709677419355,0.42857142857142855,CENTER
299,174,362,172,0.5,0.42857142857142855,CENTER
298,174,361,172,0.46875,0.42857142857142855,CENTER
298,174,360,172,0.5,0.2857142857142857,TOP
298,174,359,173,0.5,0.35714285714285715,CENTER
298,175,359,173,0.5151515151515151,0.42857142857142855,CENTER
298,175,359,173,0.5151515151515151,0.42857142857142855,CENTER
298,175,359,173,0.53125,0.42857142857142855,CENTER
297,175,358,172,0.5151515151515151,0.3125,CENTER
297,175,358,172,0.5151515151515151,0.3125,CENTER
297,175,358,172,0.5151515151515151,0.35714285714285715,CENTER
296,175,358,172,0.48484848484848486,0.4375,CENTER
296,174,358,172,0.5,0.375,CENTER
296,174,358,172,0.5151515151515151,0.375,CENTER
296,174,359,172,0.5151515151515151,0.375,CENTER
296,174,359,172,0.5,0.4444444444444444,CENTER
295,174,359,172,0.46875,0.4444444444444444,CENTER
295,173,359,171,0.46875,0.4,CENTER
295,173,360,171,0.46875,0.4,CENTER
295,173,360,171,0.46875,0.4444444444444444,CENTER
295,173,360,171,0.45161290322580644,0.5,CENTER
295,173,360,171,0.45161290322580644,0.5,CENTER
296,173,361,171,0.4838709677419355,0.5,CENTER
296,173,361,170,0.4666666666666667,0.45,CENTER
296,173,361,170,0.4666666666666667,0.45,CENTER
296,173,361,170,0.4482758620689655,0.45,CENTER
297,173,362,169,0.4827586206896552,0.5,CENTER
297,173,362,169,0.4642857142857143,0.5,CENTER
298,173,362,169,0.4827586206896552,0.5,CENTER
298,172,362,169,0.4827586206896552,0.45,CENTER
298,172,362,169,0.4827586206896552,0.45,CENTER
298,172,362,169,0.4827586206896552,0.45,CENTER
298,172,362,169,0.4827586206896552,0.5,CENTER
298,172,363,169,0.4827586206896552,0.5,CENTER
298,172,363,169,0.4827586206896552,0.5,CENTER
298,172,363,169,0.4827586206896552,0.5,CENTER
298,171,363,169,0.4827586206896552,0.45454545454545453,CENTER
298,171,363,169,0.4827586206896552,0.45454545454545453,CENTER
298,171,363,169,0.4827586206896552,0.5,CENTER
298,171,363,169,0.4827586206896552,0.5,CENTER
298,171,363,169,0.4827586206896552,0.5,CENTER
298,171,363,169,0.4827586206896552,0.5,CENTER
298,171,363,169,0.4827586206896552,0.5,CENTER
298,171,363,169,0.4827586206896552,0.5,CENTER
298,171,363,169,0.4827586206896552,0.5,CENTER
298,171,364,169,0.4827586206896552,0.5,CENTER
298,171,364,169,0.4827586206896552,0.5,CENTER
298,171,364,169,0.4827586206896552,0.5,CENTER
298,171,364,169,0.4827586206896552,0.5,CENTER
298,171,364,169,0.4827586206896552,0.5,CENTER
298,171,364,169,0.4827586206896552,0.5,CENTER
298,171,364,169,0.4827586206896552,0.5,CENTER
298,170,364,169,0.4827586206896552,0.5,CENTER
298,170,364,169,0.4827586206896552,0.5,CENTER
298,170,364,169,0.4666666666666667,0.5,CENTER
298,170,364,169,0.4666666666666667,0.5,CENTER
298,170,364,168,0.4482758620689655,0.46153846153846156,CENTER
299,170,364,168,0.4827586206896552,0.46153846153846156,CENTER
299,163,365,158,0.4482758620689655,0.22727272727272727,TOP
298,161,365,156,0.41379310344827586,0.2916666666666667,TOP
298,161,365,156,0.41379310344827586,0.2916666666666667,TOP
298,160,365,156,0.41379310344827586,0.25,TOP
298,160,365,156,0.41379310344827586,0.25,TOP
298,160,365,156,0.41379310344827586,0.25,TOP
298,160,365,156,0.41379310344827586,0.25,TOP
298,160,365,156,0.41379310344827586,0.25,TOP
298,160,365,156,0.41379310344827586,0.25,TOP
298,160,365,156,0.41379310344827586,0.2727272727272727,TOP
298,160,365,156,0.41379310344827586,0.2727272727272727,TOP
298,160,365,156,0.39285714285714285,0.2727272727272727,TOP
298,160,365,156,0.39285714285714285,0.2727272727272727,TOP
298,160,365,156,0.39285714285714285,0.2727272727272727,TOP
298,160,365,156,0.39285714285714285,0.2727272727272727,TOP
298,160,365,156,0.39285714285714285,0.2727272727272727,TOP
298,160,365,156,0.39285714285714285,0.2727272727272727,TOP
298,160,365,156,0.39285714285714285,0.2727272727272727,TOP
298,160,365,156,0.39285714285714285,0.2727272727272727,TOP
298,160,365,156,0.39285714285714285,0.2727272727272727,TOP
298,160,364,156,0.39285714285714285,0.2727272727272727,TOP
298,160,364,156,0.41379310344827586,0.2727272727272727,TOP
298,160,364,156,0.41379310344827586,0.2727272727272727,TOP
298,160,364,156,0.41379310344827586,0.2727272727272727,TOP
298,160,364,157,0.41379310344827586,0.2916666666666667,TOP
298,161,364,157,0.41379310344827586,0.3333333333333333,CENTER
298,161,364,157,0.39285714285714285,0.3333333333333333,CENTER
298,161,365,157,0.39285714285714285,0.3333333333333333,CENTER
298,161,365,157,0.39285714285714285,0.2727272727272727,TOP
299,161,365,157,0.42857142857142855,0.2,TOP
299,161,365,157,0.42857142857142855,0.2,TOP
299,161,365,157,0.42857142857142855,0.2,TOP
299,162,365,157,0.42857142857142855,0.16666666666666666,TOP
299,162,365,157,0.42857142857142855,0.16666666666666666,TOP
299,162,365,157,0.42857142857142855,0.0625,TOP
299,162,365,157,0.42857142857142855,0.0625,TOP
299,163,365,158,0.42857142857142855,0.0625,TOP
300,163,365,158,0.4444444444444444,0.0625,TOP
300,163,365,158,0.4444444444444444,0,TOP
300,164,365,158,0.4444444444444444,0,TOP
300,164,365,159,0.4444444444444444,0.07142857142857142,TOP
300,164,365,159,0.4444444444444444,0,TOP
300,164,365,159,0.4444444444444444,0,TOP
300,165,365,159,0.4444444444444444,0,TOP
300,165,365,160,0.4444444444444444,0.07142857142857142,TOP
300,165,365,160,0.4444444444444444,0,TOP
300,166,365,162,0.4444444444444444,0,TOP
300,168,365,163,0.4444444444444444,0.08333333333333333,TOP
300,168,365,163,0.4444444444444444,0.07142857142857142,TOP
300,168,365,163,0.4642857142857143,0.07142857142857142,TOP
300,168,365,163,0.4642857142857143,0.07142857142857142,TOP
300,168,365,164,0.4642857142857143,0.14285714285714285,TOP
300,168,365,164,0.4642857142857143,0.14285714285714285,TOP
300,168,365,164,0.4642857142857143,0.14285714285714285,TOP
300,168,365,164,0.4642857142857143,0.14285714285714285,TOP
300,168,365,164,0.4642857142857143,0.14285714285714285,TOP
300,168,365,164,0.4642857142857143,0.14285714285714285,TOP
300,168,365,164,0.4642857142857143,0.14285714285714285,TOP
300,168,365,164,0.4642857142857143,0.14285714285714285,TOP
300,168,365,164,0.4642857142857143,0.14285714285714285,TOP
300,168,365,164,0.4642857142857143,0.14285714285714285,TOP
300,168,365,164,0.4642857142857143,0.14285714285714285,TOP
300,168,365,164,0.4642857142857143,0.14285714285714285,TOP
300,168,365,164,0.4642857142857143,0.14285714285714285,TOP
300,168,365,164,0.4642857142857143,0.14285714285714285,TOP
300,168,365,164,0.4642857142857143,0.14285714285714285,TOP
300,168,365,164,0.4642857142857143,0.14285714285714285,TOP
300,168,365,164,0.4642857142857143,0.14285714285714285,TOP
300,168,365,164,0.4642857142857143,0.14285714285714285,TOP
300,168,365,164,0.4642857142857143,0.14285714285714285,TOP
300,168,365,165,0.4642857142857143,0.21428571428571427,TOP
267,318,331,320,0.5185185185185185,0.6428571428571429,CENTER
266,318,330,319,0.5555555555555556,0.6538461538461539,CENTER
265,318,328,318,0.5769230769230769,0.6153846153846154,CENTER
264,317,330,318,0.5357142857142857,0.5769230769230769,CENTER
265,320,330,319,0.6071428571428571,0.4375,CENTER
265,319,331,319,0.6071428571428571,0.4444444444444444,CENTER
267,317,331,309,0.5925925925925926,0,TOP
267,317,332,310,0.5925925925925926,0,TOP
268,317,332,310,0.6296296296296297,0,TOP
268,317,333,310,0.6296296296296297,0,TOP
269,317,333,310,0.6666666666666666,0,TOP
269,317,333,311,0.6296296296296297,0,TOP
269,317,333,311,0.6296296296296297,0,TOP
269,317,334,311,0.6296296296296297,0,TOP
269,317,334,311,0.6296296296296297,0,TOP
269,317,334,311,0.6296296296296297,0,TOP
270,317,334,311,0.6666666666666666,0,TOP
270,317,334,311,0.6666666666666666,0,TOP
270,317,334,311,0.6666666666666666,0,TOP
270,317,334,311,0.6666666666666666,0,TOP
270,317,334,311,0.6666666666666666,0,TOP
270,317,334,311,0.6666666666666666,0,TOP
270,317,335,311,0.6666666666666666,0,TOP
271,317,336,311,0.6666666666666666,0,TOP
250,312,312,313,0.23076923076923078,0.5,LEFT
251,312,312,313,0.2692307692307692,0.5,LEFT
251,312,313,313,0.25925925925925924,0.5,LEFT
251,312,313,313,0.25925925925925924,0.5,LEFT
251,312,313,313,0.25925925925925924,0.5,LEFT
251,312,313,313,0.25925925925925924,0.5,LEFT
251,312,313,313,0.25925925925925924,0.5,LEFT
251,312,313,313,0.25925925925925924,0.5,LEFT
251,312,313,313,0.25925925925925924,0.5,LEFT
251,312,313,313,0.25925925925925924,0.5,LEFT
251,312,313,313,0.25925925925925924,0.5,LEFT
251,312,313,313,0.25925925925925924,0.5,LEFT
251,312,313,313,0.25925925925925924,0.5,LEFT
251,312,313,313,0.25925925925925924,0.5,LEFT
251,312,313,313,0.25925925925925924,0.5,LEFT
251,312,313,313,0.25925925925925924,0.5,LEFT
251,312,314,313,0.25925925925925924,0.5,LEFT
251,312,314,313,0.25925925925925924,0.5,LEFT
251,312,314,313,0.25925925925925924,0.5,LEFT
251,312,314,313,0.25925925925925924,0.5,LEFT
251,312,314,313,0.25925925925925924,0.5,LEFT
252,312,314,313,0.2962962962962963,0.5,LEFT
252,312,314,313,0.2962962962962963,0.5,LEFT
252,312,314,313,0.2962962962962963,0.5,LEFT
252,312,314,313,0.2962962962962963,0.5,LEFT
252,312,314,313,0.2962962962962963,0.5,LEFT
252,312,314,313,0.2962962962962963,0.5,LEFT
252,312,314,313,0.2962962962962963,0.5,LEFT
252,312,314,313,0.2962962962962963,0.5,LEFT
252,312,314,313,0.2962962962962963,0.5,LEFT
252,312,314,313,0.2962962962962963,0.5,LEFT
252,312,314,313,0.2962962962962963,0.5,LEFT
252,312,314,313,0.2962962962962963,0.5,LEFT
252,312,314,313,0.2962962962962963,0.5,LEFT
252,312,314,313,0.2962962962962963,0.5,LEFT
252,312,314,313,0.2962962962962963,0.5,LEFT
252,312,314,313,0.2962962962962963,0.5,LEFT
252,312,314,313,0.2962962962962963,0.55,LEFT
252,312,314,313,0.2962962962962963,0.55,LEFT
252,312,314,313,0.2962962962962963,0.55,LEFT
251,312,314,313,0.25925925925925924,0.55,LEFT
252,312,314,313,0.2962962962962963,0.55,LEFT
252,312,314,313,0.2962962962962963,0.55,LEFT
252,312,314,313,0.2962962962962963,0.55,LEFT
251,312,314,313,0.25925925925925924,0.55,LEFT
251,312,314,313,0.25925925925925924,0.55,LEFT
251,312,314,313,0.25925925925925924,0.55,LEFT
251,312,314,313,0.25925925925925924,0.55,LEFT
251,312,314,313,0.25925925925925924,0.55,LEFT
251,312,314,313,0.25925925925925924,0.55,LEFT
251,312,314,313,0.25925925925925924,0.55,LEFT
251,312,314,313,0.25925925925925924,0.55,LEFT
251,312,314,313,0.25925925925925924,0.55,LEFT
251,312,314,313,0.25925925925925924,0.55,LEFT
251,312,314,313,0.25925925925925924,0.55,LEFT
251,312,314,313,0.25925925925925924,0.55,LEFT
251,312,314,313,0.25925925925925924,0.55,LEFT
251,312,314,313,0.25925925925925924,0.55,LEFT
251,312,314,313,0.25925925925925924,0.55,LEFT
251,312,314,313,0.25925925925925924,0.55,LEFT
277,270,336,279,0.2692307692307692,0.85,BOTTOM_LEFT
275,269,335,278,0.23076923076923078,0.7727272727272727,BOTTOM_LEFT
275,269,335,278,0.23076923076923078,0.7727272727272727,BOTTOM_LEFT
275,269,335,278,0.23076923076923078,0.7727272727272727,BOTTOM_LEFT
275,269,335,278,0.2692307692307692,0.7727272727272727,BOTTOM_LEFT
275,269,334,278,0.2692307692307692,0.7727272727272727,BOTTOM_LEFT
274,269,334,278,0.23076923076923078,0.85,BOTTOM_LEFT
274,269,334,278,0.23076923076923078,0.85,BOTTOM_LEFT
274,269,334,278,0.23076923076923078,0.85,BOTTOM_LEFT
274,269,334,278,0.23076923076923078,0.85,BOTTOM_LEFT
274,269,334,278,0.23076923076923078,0.85,BOTTOM_LEFT
275,269,334,278,0.28,0.85,BOTTOM_LEFT
275,269,334,278,0.28,0.85,BOTTOM_LEFT
274,269,333,278,0.24,0.85,BOTTOM_LEFT
274,269,333,278,0.2692307692307692,0.85,BOTTOM_LEFT
274,269,333,278,0.2692307692307692,0.85,BOTTOM_LEFT
274,269,333,278,0.2692307692307692,0.85,BOTTOM_LEFT
274,269,333,278,0.2692307692307692,0.7727272727272727,BOTTOM_LEFT
274,269,333,278,0.2692307692307692,0.7727272727272727,BOTTOM_LEFT
275,269,333,278,0.28,0.7727272727272727,BOTTOM_LEFT
275,270,334,278,0.28,0.8,BOTTOM_LEFT
275,270,333,278,0.28,0.8,BOTTOM_LEFT
275,270,333,278,0.28,0.8,BOTTOM_LEFT
275,270,333,278,0.28,0.8,BOTTOM_LEFT
275,270,333,278,0.28,0.8,BOTTOM_LEFT
275,270,333,278,0.28,0.8,BOTTOM_LEFT
275,270,333,278,0.28,0.8,BOTTOM_LEFT
275,270,334,278,0.28,0.8,BOTTOM_LEFT
275,270,334,278,0.28,0.8,BOTTOM_LEFT
275,270,334,278,0.28,0.8,BOTTOM_LEFT
275,270,334,278,0.28,0.8,BOTTOM_LEFT
275,270,334,278,0.28,0.8,BOTTOM_LEFT
275,270,334,278,0.28,0.8,BOTTOM_LEFT
275,270,334,278,0.28,0.8,BOTTOM_LEFT
275,270,334,278,0.3076923076923077,0.8,BOTTOM
274,270,333,278,0.2692307692307692,0.8,BOTTOM_LEFT
274,270,333,278,0.28,0.8,BOTTOM_LEFT
274,270,333,278,0.28,0.8,BOTTOM_LEFT
274,270,333,278,0.3076923076923077,0.8,BOTTOM
274,270,333,278,0.3076923076923077,0.8,BOTTOM
273,270,333,278,0.2692307692307692,0.8,BOTTOM_LEFT
273,270,333,278,0.2692307692307692,0.8,BOTTOM_LEFT
273,270,333,278,0.2692307692307692,0.8,BOTTOM_LEFT
274,270,333,278,0.3076923076923077,0.8,BOTTOM
274,270,333,278,0.3076923076923077,0.8,BOTTOM
274,270,334,278,0.28,0.8,BOTTOM_LEFT
274,270,334,278,0.2692307692307692,0.8,BOTTOM_LEFT
274,270,334,278,0.2692307692307692,0.8,BOTTOM_LEFT
274,270,334,278,0.2692307692307692,0.8,BOTTOM_LEFT
274,270,334,278,0.2692307692307692,0.8,BOTTOM_LEFT
274,270,334,278,0.2692307692307692,0.8,BOTTOM_LEFT
274,270,334,278,0.2692307692307692,0.8,BOTTOM_LEFT
274,270,334,278,0.2692307692307692,0.8,BOTTOM_LEFT
274,270,334,278,0.2692307692307692,0.8,BOTTOM_LEFT
274,270,334,278,0.2692307692307692,0.8,BOTTOM_LEFT
274,270,334,278,0.2692307692307692,0.8,BOTTOM_LEFT
274,270,334,278,0.2692307692307692,0.8,BOTTOM_LEFT
274,270,334,278,0.2692307692307692,0.8,BOTTOM_LEFT
274,270,334,278,0.2692307692307692,0.8,BOTTOM_LEFT
274,270,334,278,0.2692307692307692,0.8,BOTTOM_LEFT
274,270,334,278,0.24,0.8,BOTTOM_LEFT
274,270,334,278,0.24,0.8,BOTTOM_LEFT
274,270,334,278,0.24,0.8,BOTTOM_LEFT
274,270,334,278,0.24,0.8,BOTTOM_LEFT
274,270,335,278,0.2692307692307692,0.8,BOTTOM_LEFT
274,270,335,278,0.2692307692307692,0.8,BOTTOM_LEFT
274,270,335,278,0.2692307692307692,0.8,BOTTOM_LEFT
274,270,335,278,0.2692307692307692,0.8,BOTTOM_LEFT
274,270,335,278,0.2692307692307692,0.8,BOTTOM_LEFT
274,270,335,278,0.25925925925925924,0.8,BOTTOM_LEFT
274,270,335,278,0.25925925925925924,0.8,BOTTOM_LEFT
274,270,335,278,0.25925925925925924,0.8,BOTTOM_LEFT
274,270,335,278,0.25925925925925924,0.8,BOTTOM_LEFT
274,270,335,278,0.23076923076923078,0.8,BOTTOM_LEFT
271,155,345,150,0.7027027027027027,0.34375,RIGHT
273,155,347,150,0.7222222222222222,0.28125,TOP_RIGHT
273,155,347,150,0.7222222222222222,0.28125,TOP_RIGHT
272,155,347,150,0.7027027027027027,0.28125,TOP_RIGHT
272,155,347,149,0.7027027027027027,0.25,TOP_RIGHT
272,155,348,149,0.7027027027027027,0.26666666666666666,TOP_RIGHT
272,155,348,149,0.7027027027027027,0.26666666666666666,TOP_RIGHT
272,155,348,149,0.7027027027027027,0.26666666666666666,TOP_RIGHT
272,155,348,149,0.7027027027027027,0.26666666666666666,TOP_RIGHT
272,155,347,150,0.7027027027027027,0.3,RIGHT
272,155,347,150,0.7027027027027027,0.3,RIGHT
272,155,347,150,0.7027027027027027,0.3,RIGHT
272,155,347,149,0.7027027027027027,0.26666666666666666,TOP_RIGHT
272,155,347,150,0.7027027027027027,0.3,RIGHT
272,155,348,149,0.7027027027027027,0.25,TOP_RIGHT
272,155,348,149,0.7027027027027027,0.25,TOP_RIGHT
268,152,343,146,0.6944444444444444,0.25,TOP
270,153,344,147,0.7027027027027027,0.25,TOP_RIGHT
270,153,345,147,0.6944444444444444,0.25,TOP
271,153,345,147,0.7222222222222222,0.2,TOP_RIGHT
271,153,346,147,0.7297297297297297,0.2,TOP_RIGHT
271,154,346,147,0.7222222222222222,0.23333333333333334,TOP_RIGHT
271,154,346,147,0.7297297297297297,0.23333333333333334,TOP_RIGHT
271,154,346,147,0.7297297297297297,0.23333333333333334,TOP_RIGHT
271,154,346,147,0.7297297297297297,0.23333333333333334,TOP_RIGHT
271,154,346,148,0.7222222222222222,0.26666666666666666,TOP_RIGHT
271,154,346,148,0.7222222222222222,0.26666666666666666,TOP_RIGHT
271,154,346,148,0.7222222222222222,0.25,TOP_RIGHT
271,154,346,148,0.7222222222222222,0.25,TOP_RIGHT
271,154,346,148,0.7027027027027027,0.25,TOP_RIGHT
271,154,346,148,0.7027027027027027,0.2,TOP_RIGHT
271,155,346,149,0.7027027027027027,0.26666666666666666,TOP_RIGHT
271,155,345,149,0.7027027027027027,0.26666666666666666,TOP_RIGHT
271,155,345,149,0.7027027027027027,0.26666666666666666,TOP_RIGHT
271,155,345,149,0.7027027027027027,0.26666666666666666,TOP_RIGHT
271,155,345,149,0.7027027027027027,0.26666666666666666,TOP_RIGHT
271,155,345,149,0.7027027027027027,0.26666666666666666,TOP_RIGHT
271,155,346,149,0.7027027027027027,0.26666666666666666,TOP_RIGHT
271,155,345,149,0.7027027027027027,0.26666666666666666,TOP_RIGHT
271,155,346,149,0.7027027027027027,0.26666666666666666,TOP_RIGHT
271,155,346,149,0.7027027027027027,0.25,TOP_RIGHT
271,155,346,149,0.7027027027027027,0.25,TOP_RIGHT
271,155,346,149,0.7027027027027027,0.25,TOP_RIGHT
271,155,346,149,0.7027027027027027,0.25,TOP_RIGHT
271,155,345,149,0.7222222222222222,0.25,TOP_RIGHT
271,156,345,149,0.7222222222222222,0.23333333333333334,TOP_RIGHT
263,149,337,149,0.6666666666666666,0.5454545454545454,CENTER
263,149,337,149,0.6363636363636364,0.5454545454545454,CENTER
256,160,342,151,0.22727272727272727,0.16666666666666666,TOP_LEFT
253,158,340,152,0.23809523809523808,0.2857142857142857,TOP_LEFT
254,158,339,152,0.275,0.2857142857142857,TOP_LEFT
253,155,338,152,0.25,0.32142857142857145,LEFT
217,99,303,89,0.2571428571428571,0.2857142857142857,TOP_LEFT
216,99,302,89,0.2571428571428571,0.21428571428571427,TOP_LEFT
217,100,303,90,0.2571428571428571,0.21428571428571427,TOP_LEFT
216,101,303,90,0.22857142857142856,0.19230769230769232,TOP_LEFT
289,148,377,159,0.43902439024390244,0.8333333333333334,BOTTOM
249,128,334,138,0.275,0.8333333333333334,BOTTOM_LEFT
249,128,335,137,0.3,0.8636363636363636,BOTTOM
247,126,333,135,0.2926829268292683,0.8636363636363636,BOTTOM_LEFT
249,126,334,136,0.3,0.8181818181818182,BOTTOM
246,126,333,135,0.2682926829268293,0.7727272727272727,BOTTOM_LEFT
246,126,333,135,0.2926829268292683,0.7916666666666666,BOTTOM_LEFT
248,261,323,268,0.5517241379310345,0.75,BOTTOM
252,262,326,270,0.5666666666666667,0.8,BOTTOM
252,262,326,270,0.5666666666666667,0.8,BOTTOM
252,262,327,270,0.5666666666666667,0.8,BOTTOM
252,262,327,270,0.5666666666666667,0.8,BOTTOM
252,262,327,270,0.5666666666666667,0.8888888888888888,BOTTOM
252,262,327,270,0.5666666666666667,0.8888888888888888,BOTTOM
287,263,367,271,0.5757575757575758,0.8333333333333334,BOTTOM
